Frequency (Hz),Reflection Amplitude - Plot 1,Reflection Amplitude - Plot 2,Reflection Amplitude - Plot 3,Reflection Amplitude - Plot 4,Reflection Amplitude - Plot 5,Reflection Amplitude - Plot 6,Reflection Amplitude - Plot 7,Reflection Amplitude - Plot 8
12471400000,0.0939559,-0.0233306,-0.0239217,0.0406218,0.016704,0.020214,-0.000939726,-0.00399531
12471449900,-0.040572,-0.0806195,0.0289326,-0.0388016,-0.0370329,0.0298084,0.00432358,-0.00599688
12471499800,0.0432741,0.0649714,0.036885,0.00651607,-0.00613779,-0.0174504,0.00447097,0.00711271
12471549701,0.109326,-0.0415784,0.0181731,-0.0430217,0.0157981,0.0256125,0.00983733,0.00706479
12471599601,0.00757864,0.0451082,-0.00167371,-0.00615401,-0.030072,0.00499256,0.00194551,-0.00118157
12471649501,-0.0671746,0.0581501,0.0289675,-0.00493364,0.00400812,0.00442564,0.00347492,0.00548781
12471699401,-0.0781821,-0.0204082,-0.0553954,0.00636026,-0.0222088,0.00693916,-0.00742344,-0.0026715
12471749301,0.00360079,0.0696467,0.0614075,0.00435207,0.013516,0.0219111,-0.0156273,0.00150266
12471799202,0.056922,-0.109277,0.0610296,0.0259366,0.0336087,-0.0356961,0.00737271,0.0092039
12471849102,0.0248591,-0.0339512,0.0439788,0.00363295,0.0247334,-0.00707928,-0.0176317,0.00132153
12471899002,0.0228663,0.0590701,-0.0309273,0.00701394,-0.00952309,0.0110519,0.0246822,-0.00904527
12471948902,-0.0411867,0.0372285,0.0747272,0.00721725,-0.0179571,0.0062308,-0.00267165,-0.000724658
12471998802,0.0557819,0.103361,0.00925451,0.0192494,0.0238543,-0.00936987,0.0117819,-0.00549025
12472048703,0.000874365,0.0373141,-0.0423462,-0.0295879,0.013152,0.0150986,-6.65E-05,-0.00267724
12472098603,0.0443408,0.0267167,0.0188129,-0.0383852,0.0326152,-0.00626069,0.00717963,0.00363314
12472148503,-0.177212,-0.0304084,-0.0156742,0.028153,-0.0271724,0.00931545,0.00619114,0.00691965
12472198403,0.109307,0.0513383,0.000293893,-0.000421446,-0.0171594,0.00325658,-0.0025751,0.00528923
12472248303,0.0455418,-0.0332706,-0.00139732,0.0187798,0.0178572,-0.0236819,0.00104075,0.00705281
12472298204,-0.0106653,-0.0721266,0.0303586,-0.00880223,0.00282433,0.0259692,0.00858077,0.000843895
12472348104,-0.00360119,-0.00933969,-0.0254044,0.00557901,0.0229879,-0.0112043,-9.16E-05,-0.00520329
12472398004,0.0122638,0.0760009,0.0336741,0.00459328,0.0470224,-0.0252775,-0.00643537,0.0161115
12472447904,0.0459651,-0.0781068,-0.000574186,0.00852849,0.00182116,5.64E-05,0.0160383,-0.00343118
12472497804,-0.103087,-0.0435048,0.0351776,0.000621254,0.010652,0.0258379,0.00116328,0.000652589
12472547705,-0.0218989,-0.0115025,0.00359898,-0.0276581,0.0234182,0.0266432,-0.0110276,0.00727411
12472597605,-0.0863886,-0.040266,-0.00377117,-0.0204892,0.0254294,0.0115706,0.00523199,-0.00620751
12472647505,-0.052054,0.0317379,0.0205577,0.00948221,0.00769876,0.0154234,0.0120588,0.0153451
12472697405,0.0659572,0.0376443,0.0435933,-0.0132031,0.0187657,0.0246471,0.0175568,-0.00429366
12472747305,-0.0910424,0.0645098,0.00210895,-0.0336864,-0.00520712,-0.0187681,-0.00444633,-0.0013561
12472797206,0.0662203,-0.0221959,0.0117717,0.011947,0.0416955,-0.0216096,0.0144849,0.00479066
12472847106,-0.0302257,0.0170788,0.00647291,0.00083497,0.044202,0.0120644,0.0110303,0.00494256
12472897006,-0.0124964,-0.0473455,-0.0270349,-0.000377761,0.000262644,-0.0186176,0.0118175,0.00549925
12472946906,0.0199925,-0.00680299,0.0202543,0.0580483,0.00504443,-0.00280399,-0.00328167,0.009611
12472996806,0.0345734,0.0135894,0.0306039,-0.00779827,0.0137161,0.0180167,0.00459713,0.00177036
12473046707,0.0453752,-0.0613143,-0.0119626,0.0284628,0.0379571,-0.0168568,0.0244707,-0.00592743
12473096607,0.0555914,-0.0117309,0.0275587,0.0546337,0.0218845,-0.00931916,-0.0106894,0.00468649
12473146507,0.00328692,0.0294973,0.0133331,0.0703978,0.0115895,0.0306264,0.0227457,-0.000778394
12473196407,0.0230273,0.00154864,-0.00532255,0.00717248,0.00451511,0.0073322,0.0143968,0.00214949
12473246307,-0.0435117,-0.0594095,-0.0606176,-0.00418378,0.0229656,0.0197863,0.00526331,0.00550051
12473296208,0.00435031,0.0141722,-0.01757,0.0332474,0.0168698,0.0295468,-0.00520095,0.00121942
12473346108,0.04148,0.0136244,0.0538083,0.0355067,0.0320476,-0.0131938,-0.00798603,0.00701511
12473396008,-0.0667922,0.0315307,0.0726901,0.0174305,-0.0177316,0.0128319,0.0132447,-0.00544497
12473445908,0.0708539,-0.0255279,0.062585,0.0266893,-9.71E-05,0.0233759,-0.00203384,0.00472889
12473495808,-0.00400883,0.00640983,0.0197061,0.0136131,0.0314581,0.0317163,-0.00158671,-9.87E-05
12473545709,0.0534234,-0.102531,-0.0250381,0.00120395,0.00124389,-0.0364631,0.00343571,0.0098069
12473595609,-0.0232398,-0.0143326,0.0425905,0.0083046,0.00402174,0.0242617,0.00585347,0.00759597
12473645509,0.0165059,-0.0634337,-0.0581247,0.000990357,-0.0292923,0.0421032,0.024802,0.00279565
12473695409,-0.00903528,-0.0233491,0.10519,0.0199471,0.0405802,0.0296225,0.0123265,-0.00380804
12473745309,-0.140351,-0.023736,0.101819,-0.00538113,-0.00331933,0.0126648,0.00648626,0.0170316
12473795210,-0.0349576,-0.0203924,0.00979277,0.0376043,-0.0289053,0.0183127,-0.00297496,0.0062368
12473845110,0.0735514,0.075846,0.0176197,0.0362775,0.00640364,0.00642412,0.00149201,0.00657629
12473895010,0.0178711,0.0223113,0.10808,0.0090123,0.00381756,0.0183115,0.0104967,-0.00149797
12473944910,-0.00843031,-0.0458749,0.0240576,0.026625,-0.0370505,-0.0127413,0.00794903,0.00291395
12473994810,-0.038372,0.033043,-0.0454595,-0.0150646,0.0296551,0.0246132,0.00393978,0.00325688
12474044711,0.118802,0.110746,-0.0105823,0.0290247,-0.00526691,0.00378127,0.0113768,0.00814167
12474094611,0.0751656,0.013226,0.0205208,0.0198032,0.0383475,-0.0258979,0.00563988,0.000983397
12474144511,0.0394193,0.0170827,-0.000817862,-0.000159764,-0.00683917,0.00428569,-0.00101647,0.0136652
12474194411,0.0555378,0.0311298,-0.0272913,0.0398651,0.0276928,-0.00307594,0.00257907,0.00695061
12474244311,0.0667956,0.0564111,-0.00506347,0.0643583,0.0107563,-0.0105346,-0.00247101,0.0179324
12474294212,0.0185434,0.0760555,0.0556017,0.00735252,-0.00540014,0.0669242,0.0314639,-0.00923208
12474344112,0.103493,0.0863565,-0.0769918,0.032023,0.0426966,0.0181695,-0.000853182,0.00837461
12474394012,0.0505536,0.0073273,0.0069022,0.0239251,0.027419,0.0419386,0.0171812,0.00999634
12474443912,-0.00128632,-0.0901473,0.0155361,-0.0245888,0.0226157,0.0268732,0.0178906,-0.00707363
12474493812,0.150519,0.0258249,-0.0558283,0.0129089,-0.00859864,0.014278,0.010428,0.014418
12474543713,0.0313383,0.0352672,-0.00121746,-0.00713276,0.00818977,-0.0120125,0.0153672,0.0102272
12474593613,-0.0128877,0.121553,0.00838556,-0.00194108,0.0124155,0.0470167,0.00316959,0.000833929
12474643513,0.0191507,-0.00570062,0.0747541,0.0576329,-0.0237916,-0.000576237,-0.0122964,0.00352271
12474693413,-0.0390869,0.021694,-0.00161393,-0.0044261,0.0438385,-0.0365276,0.0054531,0.00489507
12474743313,-0.0527813,-0.00620905,0.0488998,0.0268786,-0.0134945,0.0195451,0.00243329,0.0286139
12474793214,0.0133192,-0.0151074,0.123912,0.0449409,-0.00646518,0.029841,0.00908323,-0.0110438
12474843114,-0.0308226,0.0107583,-0.0407915,-0.0223137,0.0142187,-0.00246271,-0.00813118,0.0219797
12474893014,-0.0669747,-0.050666,-0.00610998,0.0204892,0.0296725,0.00997917,0.020915,0.00286878
12474942914,-0.0304079,-0.0212354,0.0971224,0.0116381,0.0320362,0.0128636,0.00225712,0.0190497
12474992814,0.0619779,0.0362428,0.0419274,0.0436241,0.02348,0.0412376,0.0246798,0.011815
12475042715,0.075939,0.030209,-0.0136161,0.00145915,0.0261464,0.00900293,0.0168697,0.00447748
12475092615,0.00424413,0.0509233,-0.0295198,0.0332581,0.0128565,-0.00280554,0.0244717,0.0153546
12475142515,0.0259693,-0.134784,0.0585434,0.044907,0.0490565,-0.00536402,0.00997179,0.0102204
12475192415,-0.0250349,0.0328581,-0.0473022,0.0270635,-0.0113949,0.00315048,0.020647,0.00458094
12475242315,0.0148794,-0.0488312,0.00437875,0.0312154,0.0144831,-0.00490192,0.0151983,0.013976
12475292216,0.0896277,0.0327832,-0.0141055,0.0464074,0.0338706,0.044844,0.0287553,0.0148522
12475342116,0.0456529,-0.0214574,0.0380059,0.00511021,0.0191051,0.00862163,0.00731948,0.00638232
12475392016,-0.0322991,0.0341531,0.0245711,0.00426096,0.0088001,-0.00212124,0.0258104,0.00301056
12475441916,-0.0322285,0.0117942,0.104471,0.0328048,-0.0117948,-0.0113464,0.00580278,0.0122075
12475491816,-0.00181834,-0.046192,0.0426253,-0.00533168,0.00924942,0.0291837,0.0151235,0.00909941
12475541717,0.0497932,0.0867593,-0.043433,0.0413427,-0.00759592,0.0172199,0.034312,0.00706953
12475591617,-0.00639042,0.0297757,0.0101004,0.0202649,0.043698,0.022553,0.00991343,0.0135488
12475641517,0.0178933,-0.00283617,-0.0287249,0.00630173,0.0301768,0.0547485,0.0129373,0.00435971
12475691417,-0.0345826,0.0597248,-0.0414097,0.0266082,0.00290571,-0.0105027,0.0219503,0.0124158
12475741317,0.0628431,-0.0150708,-0.0247176,-0.0053707,0.00127168,0.0094462,0.0134444,0.00757584
12475791218,-0.0702238,-0.00233461,-0.0358936,-0.00850598,0.0250221,0.0312611,0.0314799,0.00944364
12475841118,0.0360315,0.0766679,0.0569789,-0.0150231,0.0220694,0.00192514,0.0208853,0.00957063
12475891018,0.00609968,0.0363544,0.127668,0.0220589,0.0143013,0.0282305,0.0232499,0.0160232
12475940918,-0.102521,0.0632882,-0.0232871,0.00734337,0.0341318,0.0199282,0.0151286,0.00970595
12475990818,0.0628479,0.0379592,-0.023161,0.0193182,0.0424398,0.0270348,0.0228537,0.0130237
12476040719,0.02446,0.064545,0.0790447,-0.0552882,0.0129203,0.00538377,0.0454762,0.0143647
12476090619,-0.0360593,0.0997078,-0.033452,0.0217489,0.0215458,0.0374838,-0.00260043,0.0147703
12476140519,0.154186,0.0376694,0.0740343,-0.0190001,0.0482379,0.0176263,0.0125827,0.00760911
12476190419,-0.0416835,0.000350658,0.0431696,0.0170321,0.0322054,0.0144359,0.0223447,0.0145833
12476240319,-0.107634,-0.0848758,0.0356821,0.0346825,0.0153157,0.0268109,0.000150513,0.0149347
12476290220,0.0423567,0.0632549,-0.0200365,0.0467046,0.0221387,0.0109397,0.0382991,0.0140779
12476340120,0.159404,-0.00805235,-0.0889008,0.0382603,0.0102365,0.0232591,0.0216539,0.0192708
12476390020,0.00787338,0.0348785,0.0595345,0.013037,0.064288,0.0380895,0.0263163,0.0135812
12476439920,0.0109298,-0.0230352,-0.0235494,0.047204,0.0544238,0.0372869,0.0255399,0.0153378
12476489820,0.0552925,0.0773663,-0.00443037,0.0776682,0.0239361,0.00865347,0.0327249,0.0261268
12476539721,-0.0213256,-0.0455907,-0.105002,0.0323311,0.0120248,0.0550925,0.0119729,0.0208024
12476589621,-0.0202368,0.0539817,0.0458399,-0.00606575,0.0268216,0.0472449,0.0364823,0.0150049
12476639521,0.0221071,0.04697,0.0891922,-0.039672,0.04647,0.020377,0.0227267,0.0251702
12476689421,0.027824,-0.0243335,0.0835215,0.0216708,0.0308756,0.0522824,0.0245831,0.00831227
12476739321,0.0870139,0.0947186,0.0915347,-0.0170302,0.049764,0.0363432,0.00257279,0.00749687
12476789222,0.0689989,0.0349548,0.0388142,0.0291641,0.0113988,0.0190814,0.0198637,0.0170262
12476839122,-0.0709468,0.0442446,0.0946039,0.023844,0.0584843,0.0555299,-0.00635689,0.00429678
12476889022,-0.00275938,-0.0405278,0.0337069,0.030222,0.0432574,0.0212902,0.0236499,0.0203999
12476938922,0.157279,-0.00230248,0.0855119,-0.0175759,0.0361299,0.0499194,0.033039,0.0102246
12476988822,-0.0017606,0.0319488,0.0401856,0.0215396,-0.0088116,0.0502323,0.0215324,0.0209934
12477038723,0.100979,0.0295527,-0.00112346,0.0225201,0.0246026,0.0172586,0.0357326,0.0128841
12477088623,0.0203361,-0.0393876,0.0282031,0.00618022,0.0342172,0.0122254,0.0181138,0.0250607
12477138523,-0.0684658,0.000715358,-0.0392643,0.0202011,0.0383727,0.00709363,0.037241,0.0274456
12477188423,-0.00594361,0.112681,0.0403147,0.0145495,0.0764354,0.0160701,0.0255637,0.00536512
12477238323,0.0777118,0.101577,0.0261093,0.0183653,0.0372181,0.0428974,0.0277202,0.0264835
12477288224,0.00990227,0.0607675,0.0102507,0.0713691,0.0506768,0.0563658,0.0280325,0.0224425
12477338124,0.0319364,0.0197253,0.0905299,0.0112027,0.00938377,0.0222927,0.0192139,0.0189952
12477388024,0.0389301,0.0792069,-0.00216378,0.0382743,0.0272645,0.0158347,0.0168989,0.0187884
12477437924,-0.0356862,0.0822737,0.0925127,0.0503237,0.0181361,0.032855,0.0363376,0.0127438
12477487824,-0.0268011,0.0666842,0.0746054,0.0176312,0.0386817,0.0674365,0.0312698,0.0240098
12477537725,0.130193,0.0196272,0.0562328,0.0279505,0.0290311,0.00192584,0.0329444,0.0272061
12477587625,0.0242108,0.000119121,0.0438179,0.0204703,0.0308891,0.0634082,0.00443802,0.0114105
12477637525,0.0652358,0.0460284,0.0275466,0.043555,0.0303782,0.0271103,0.034807,0.0165372
12477687425,0.139821,0.0700013,0.0208101,0.0562811,0.0647503,0.0548574,0.0464571,0.029646
12477737325,-0.00979996,0.0212353,-0.01311,0.00183913,0.0369686,0.0411689,0.0292771,0.0137575
12477787226,0.00210591,-0.0056564,0.0418252,0.0247595,0.0651462,0.00917293,0.0270723,0.0221268
12477837126,0.0886212,0.0404804,0.0746032,0.0414697,-0.0239702,0.0410831,0.06803,0.0146383
12477887026,0.0780259,0.0289224,0.0270923,0.0437841,0.0234312,-0.00228043,0.0254637,0.0154686
12477936926,0.18533,0.0971818,-0.00731011,0.049099,-0.0145567,0.0482745,0.0301258,0.0219418
12477986826,0.0368764,0.0180745,0.0278962,0.0732173,0.0385611,0.059809,0.0472698,0.026811
12478036727,-0.0830212,0.119064,0.10113,0.0322687,0.0477404,0.024242,0.0476569,0.0213225
12478086627,0.0339108,0.000904833,0.0804353,0.0300933,0.0503983,0.0526156,0.0364287,0.0254869
12478136527,0.0597279,-0.0042356,0.0474195,0.0197952,0.0181412,0.0391114,0.0366167,0.0227774
12478186427,0.0247935,0.0839722,0.0627736,0.0297857,0.0544347,0.0764653,0.0199644,0.0246174
12478236327,0.0511793,0.0581957,-0.0692129,0.0578973,0.0593435,0.0273143,0.0271513,0.0256963
12478286228,0.0333705,-0.0391233,0.0629336,0.0493878,0.0163378,0.0411701,0.0568029,0.0195491
12478336128,0.112933,0.0141877,0.0123913,0.0444399,0.0635314,0.0510858,0.024577,0.0149099
12478386028,-0.0159649,0.0478665,0.0348372,0.0336241,0.0523735,0.0559066,0.0410344,0.0188916
12478435928,0.094451,0.0386005,0.019206,0.0964864,-0.0136972,0.0260811,0.0230674,0.0238099
12478485828,-0.0280912,0.031207,0.0623853,0.0439439,0.0761261,0.0684041,0.0396441,0.0197182
12478535729,0.189315,0.075664,0.0950634,0.0204942,0.055121,0.0530625,0.0258057,0.0234709
12478585629,0.074402,0.0677867,-0.00364682,0.0160629,0.0419114,0.00748622,0.0269888,0.0313673
12478635529,0.0825123,0.187622,0.0936319,0.0311702,0.0297181,0.0435697,0.0559489,0.0231424
12478685429,-0.0831965,0.069746,0.0685301,0.0525449,0.0547609,0.066207,0.0506233,0.0278874
12478735329,0.0475873,0.0435379,0.0327702,0.0572159,0.0768051,0.0342269,0.0369806,0.0258363
12478785230,0.163543,0.0684098,0.0628787,0.0326896,0.0670664,0.0190396,0.0469832,0.0251065
12478835130,0.0711468,0.110939,0.0625125,0.0365648,0.0650685,0.0432886,0.0236939,0.0314844
12478885030,0.0216681,0.00209335,0.0788503,0.0390159,0.038534,0.0332357,0.0270688,0.0235704
12478934930,0.000595328,0.066166,0.0925286,0.0540953,0.0561681,0.0639517,0.0388094,0.0190104
12478984830,0.12811,0.05209,0.109717,0.0563213,0.0554382,0.0634341,0.0522099,0.0158905
12479034731,0.0771,0.180944,0.0767413,0.06053,0.0601644,0.0536902,0.0502971,0.0337202
12479084631,0.102701,0.0217445,0.148863,0.067945,0.0326043,0.0599605,0.0296721,0.0218264
12479134531,0.0519266,0.0727891,0.0129141,0.0498892,0.0709879,0.0428479,0.0292548,0.0288805
12479184431,0.0352984,0.0580252,-0.0428035,0.0473444,0.0600333,0.0623157,0.0474808,0.0268698
12479234331,-0.0903089,0.0752807,0.0321651,0.045888,0.026218,0.0712395,0.0550706,0.0346235
12479284232,0.104946,0.0763356,-0.0129396,0.0729037,0.0723456,0.0868013,0.036882,0.0265022
12479334132,0.117108,0.0454849,0.0874771,0.0563072,0.0511878,0.0592707,0.0420892,0.0431988
12479384032,-0.01059,0.0548238,0.0876982,0.038515,0.0587179,0.063282,0.0452467,0.0259042
12479433932,0.0601552,0.0130937,0.0915179,0.0803178,0.0834721,0.075009,0.0765205,0.0191261
12479483832,0.107809,0.0298576,0.0903503,0.0363326,0.0593841,0.0853252,0.0624526,0.0331736
12479533733,0.0530672,0.122171,0.121514,0.0609368,0.0746338,0.0558443,0.0544706,0.0347774
12479583633,0.0101939,0.0441598,0.122903,0.0508988,0.0774799,0.0497493,0.049278,0.0283936
12479633533,0.129873,0.117576,0.130724,0.0470325,0.0620302,0.0441345,0.0389211,0.026541
12479683433,-0.0533787,0.0234824,0.024094,0.0434026,0.0879327,0.0811977,0.0643156,0.0287675
12479733333,0.0630188,0.0742679,0.0538348,0.067352,0.0875421,0.0709465,0.053773,0.027527
12479783234,0.11825,0.115757,0.117825,0.109578,0.0896466,0.0438546,0.0341359,0.0275347
12479833134,0.0739286,0.0637082,0.11086,0.0818557,0.0383059,0.0280752,0.0665528,0.0314102
12479883034,0.125697,0.033896,0.0750867,0.0682034,0.0908696,0.0700038,0.0617216,0.0351366
12479932934,0.076442,0.0522597,0.00392526,0.0504779,0.0932006,0.0846537,0.0585732,0.0194619
12479982834,0.0383121,0.0789373,0.121331,0.0965346,0.0883824,0.0518372,0.05895,0.0270853
12480032735,-0.03046,0.0727588,0.122773,0.0727569,0.0752027,0.0555764,0.0687388,0.0210115
12480082635,0.147989,0.0413591,0.0816844,0.0400325,0.0967947,0.0490569,0.0553289,0.0231593
12480132535,0.13449,0.0742178,0.0594761,0.0938155,0.0776164,0.0521022,0.0530258,0.0390721
12480182435,0.0919126,0.118866,0.11925,0.132789,0.0848372,0.0593224,0.0758417,0.0306501
12480232335,0.0225011,0.000984183,0.117026,0.0892068,0.0789071,0.0669241,0.0583855,0.0321455
12480282236,0.0102708,0.125126,0.0446055,0.0991638,0.093008,0.0988761,0.055342,0.0267708
12480332136,0.0801788,0.0106577,0.0741701,0.0687952,0.0669456,0.0827086,0.0641915,0.044577
12480382036,0.106572,0.0675625,0.0219904,0.0737337,0.112737,0.0855564,0.064199,0.0332427
12480431936,0.138455,0.0645503,0.094226,0.108058,0.0950204,0.0328005,0.0592913,0.038006
12480481836,0.0457407,0.0123553,0.0889846,0.104295,0.0872315,0.0648017,0.0354053,0.0357242
12480531737,0.0829918,0.175481,0.168727,0.100244,0.123246,0.104714,0.0781149,0.0304094
12480581637,0.113969,0.124402,0.0984049,0.077423,0.0736567,0.0996914,0.0568595,0.0390221
12480631537,0.109693,0.141093,0.106796,0.113894,0.0907221,0.121746,0.0767767,0.0426526
12480681437,0.125977,0.124468,0.0735378,0.0841567,0.0993092,0.105726,0.0394963,0.0399313
12480731337,0.0159463,0.196988,0.0701925,0.0895775,0.0860421,0.0920931,0.058938,0.0354648
12480781238,0.067469,0.162211,0.0916639,0.117167,0.0900488,0.0677449,0.0814911,0.040062
12480831138,0.0537655,0.080066,0.157579,0.106153,0.112259,0.0918502,0.0740394,0.0429079
12480881038,0.0412198,0.19195,0.142168,0.101769,0.141265,0.138693,0.0605395,0.0463661
12480930938,0.0488228,0.11757,0.122776,0.137788,0.134303,0.0771237,0.0551927,0.0420883
12480980838,0.0280565,0.178831,0.134058,0.11102,0.102553,0.118559,0.0804135,0.0394567
12481030739,0.200131,0.149466,0.0958947,0.114092,0.134376,0.067917,0.0849473,0.0390391
12481080639,0.181255,0.0965684,0.164296,0.118657,0.116254,0.143496,0.0887737,0.0356563
12481130539,0.0615523,0.113186,0.157423,0.098157,0.112003,0.098424,0.0871817,0.040244
12481180439,0.159702,0.120689,0.0980155,0.107272,0.108208,0.105062,0.092135,0.0501689
12481230339,-0.0725768,0.143797,0.111898,0.135915,0.136756,0.110598,0.0654124,0.0471655
12481280240,0.150748,0.230696,0.180361,0.140655,0.131603,0.139109,0.082197,0.0473851
12481330140,0.146659,0.181082,0.125258,0.11228,0.112292,0.120216,0.0573183,0.0447143
12481380040,0.107366,0.152176,0.128121,0.183652,0.127892,0.147348,0.0733487,0.0424981
12481429940,0.103183,0.100126,0.148213,0.0905202,0.118555,0.113275,0.110008,0.0345749
12481479840,0.149538,0.149615,0.159064,0.143988,0.124113,0.113704,0.0841181,0.038769
12481529741,0.103662,0.116833,0.0959864,0.156225,0.12811,0.168673,0.092963,0.0324855
12481579641,0.210695,0.126846,0.166455,0.212621,0.141366,0.140218,0.0701626,0.0360489
12481629541,0.0828685,0.258836,0.145264,0.170942,0.184949,0.139878,0.0818746,0.0327209
12481679441,0.138546,0.193055,0.223191,0.164135,0.141321,0.148644,0.0852528,0.0359755
12481729341,0.112761,0.175492,0.25656,0.134906,0.152391,0.142526,0.0546324,0.0417145
12481779242,0.345271,0.208662,0.111868,0.173725,0.119978,0.169565,0.103378,0.0326501
12481829142,0.106653,0.225667,0.200346,0.203712,0.172997,0.157562,0.0770904,0.0536191
12481879042,0.249368,0.224573,0.192025,0.178545,0.176489,0.0959174,0.0952854,0.0514746
12481928942,0.136295,0.220236,0.156584,0.180696,0.171702,0.179361,0.0922003,0.0490984
12481978842,0.170536,0.253666,0.1925,0.216794,0.183905,0.173281,0.0972043,0.0447
12482028743,0.225268,0.169866,0.138861,0.193427,0.199268,0.165346,0.0970135,0.04231
12482078643,0.178195,0.276011,0.207895,0.227508,0.150907,0.183534,0.103626,0.0602278
12482128543,0.246612,0.244683,0.0980451,0.188366,0.200337,0.160867,0.116308,0.0392855
12482178443,0.139621,0.201978,0.302006,0.182381,0.217989,0.216125,0.0876675,0.0542235
12482228343,0.257632,0.236757,0.179532,0.220265,0.220631,0.199685,0.110241,0.0515
12482278244,0.193889,0.22023,0.194252,0.233554,0.23262,0.180719,0.101047,0.0378862
12482328144,0.145903,0.313848,0.289281,0.224847,0.198753,0.155688,0.0975612,0.0478438
12482378044,0.240683,0.262715,0.24998,0.196092,0.21774,0.172241,0.124226,0.0605036
12482427944,0.367914,0.279187,0.17748,0.280928,0.202483,0.187315,0.108204,0.049845
12482477844,0.263926,0.245389,0.283519,0.241093,0.2058,0.191478,0.118987,0.0544122
12482527745,0.196364,0.254046,0.308245,0.238936,0.249945,0.178226,0.0997178,0.0473769
12482577645,0.199023,0.211194,0.262944,0.279173,0.241277,0.189575,0.105611,0.0453788
12482627545,0.329218,0.222238,0.31805,0.268609,0.264993,0.17833,0.118996,0.0537387
12482677445,0.215222,0.326483,0.311437,0.281585,0.24287,0.195179,0.105491,0.0393171
12482727345,0.358403,0.3069,0.3141,0.26997,0.2886,0.253089,0.127422,0.0510716
12482777246,0.329936,0.305411,0.318599,0.249609,0.323988,0.234818,0.12305,0.0579859
12482827146,0.312471,0.401099,0.250607,0.307571,0.291411,0.218995,0.0969027,0.0603263
12482877046,0.402622,0.305051,0.397037,0.281988,0.255561,0.239725,0.101323,0.0442621
12482926946,0.38714,0.329722,0.349152,0.328678,0.293059,0.23578,0.120652,0.0420919
12482976846,0.39941,0.395528,0.299847,0.330373,0.328508,0.241623,0.126401,0.049339
12483026747,0.324711,0.350122,0.379587,0.326478,0.346336,0.237272,0.133511,0.0457713
12483076647,0.387275,0.436106,0.364396,0.371165,0.320003,0.273121,0.114337,0.0473689
12483126547,0.343728,0.407513,0.407318,0.424613,0.342054,0.239052,0.127317,0.0512289
12483176447,0.479603,0.366831,0.397107,0.332019,0.340029,0.262151,0.11889,0.0444994
12483226347,0.373672,0.401561,0.388888,0.425436,0.389051,0.258811,0.126173,0.0531684
12483276248,0.444933,0.496591,0.411873,0.401521,0.366714,0.250774,0.140357,0.0522635
12483326148,0.432793,0.468825,0.386281,0.435113,0.363392,0.284428,0.140588,0.040814
12483376048,0.532734,0.459519,0.390558,0.357186,0.388883,0.270377,0.12794,0.0420479
12483425948,0.531891,0.560978,0.491741,0.41897,0.398109,0.253222,0.129647,0.0324576
12483475848,0.523266,0.479633,0.445794,0.449652,0.381107,0.280468,0.123419,0.0476182
12483525749,0.610252,0.503654,0.445168,0.471918,0.395426,0.283206,0.117589,0.0455639
12483575649,0.576746,0.576035,0.594357,0.473012,0.431837,0.303123,0.1208,0.0423792
12483625549,0.631865,0.572691,0.47525,0.499942,0.440477,0.316511,0.139787,0.0531893
12483675449,0.517403,0.4617,0.546137,0.526655,0.457482,0.318948,0.121848,0.0433216
12483725349,0.643123,0.585791,0.569882,0.498354,0.405365,0.288518,0.126176,0.0460358
12483775250,0.613264,0.597946,0.534363,0.549263,0.451739,0.30177,0.13644,0.0331336
12483825150,0.630198,0.551999,0.655187,0.558484,0.435797,0.328837,0.136892,0.0375604
12483875050,0.668117,0.675022,0.562057,0.547287,0.461485,0.308262,0.130212,0.0411408
12483924950,0.632112,0.65363,0.618777,0.592775,0.471049,0.274076,0.131612,0.0346283
12483974850,0.580856,0.667564,0.632545,0.59159,0.461786,0.315734,0.148353,0.041866
12484024751,0.734046,0.637887,0.681285,0.585208,0.465717,0.337931,0.123512,0.0411809
12484074651,0.615085,0.653288,0.596741,0.627056,0.473236,0.302273,0.125879,0.0372164
12484124551,0.705555,0.668575,0.651821,0.589477,0.484639,0.307424,0.123048,0.0379626
12484174451,0.767032,0.720132,0.745832,0.596791,0.520662,0.286102,0.122037,0.0512004
12484224351,0.767602,0.752103,0.694943,0.598833,0.472314,0.323351,0.14518,0.0270563
12484274252,0.743386,0.715816,0.698805,0.621058,0.499935,0.326151,0.134342,0.035114
12484324152,0.728696,0.728044,0.711338,0.64426,0.501669,0.29802,0.11191,0.0494014
12484374052,0.841277,0.651299,0.688824,0.647845,0.52907,0.338338,0.136388,0.0364221
12484423952,0.685486,0.823705,0.611971,0.641295,0.495526,0.319624,0.140149,0.0504045
12484473852,0.720145,0.606565,0.699363,0.6836,0.5097,0.266903,0.133695,0.0470607
12484523753,0.694777,0.686365,0.728368,0.65231,0.515939,0.297962,0.130143,0.0366689
12484573653,0.753746,0.724678,0.614303,0.652798,0.49859,0.315579,0.119925,0.0408035
12484623553,0.770866,0.682347,0.693341,0.652847,0.49138,0.309248,0.119259,0.0434964
12484673453,0.728777,0.691953,0.662296,0.687646,0.518587,0.283119,0.115599,0.0350077
12484723353,0.720789,0.659761,0.654954,0.60497,0.509111,0.286867,0.128838,0.0449047
12484773254,0.685502,0.701796,0.695149,0.618666,0.501381,0.287027,0.128424,0.0350301
12484823154,0.575602,0.636772,0.669454,0.655288,0.474073,0.301634,0.101389,0.0404334
12484873054,0.668484,0.666817,0.628808,0.653603,0.447355,0.283563,0.118431,0.0367585
12484922954,0.621552,0.658492,0.684798,0.617439,0.466711,0.312687,0.114412,0.0287312
12484972854,0.700092,0.566632,0.537943,0.577476,0.439204,0.281497,0.10168,0.0230277
12485022755,0.582035,0.552271,0.687441,0.592824,0.421377,0.262194,0.111832,0.028202
12485072655,0.571804,0.691062,0.656769,0.566698,0.437818,0.289964,0.118006,0.0262622
12485122555,0.651299,0.554148,0.686961,0.541861,0.421285,0.271983,0.109526,0.038547
12485172455,0.584238,0.57518,0.565774,0.532897,0.429585,0.272649,0.0930628,0.0328623
12485222355,0.599226,0.534851,0.490041,0.531118,0.380444,0.242396,0.0922494,0.0372976
12485272256,0.634587,0.556076,0.5697,0.518695,0.387862,0.262172,0.114974,0.0274611
12485322156,0.546797,0.477465,0.480426,0.497278,0.35314,0.231323,0.1203,0.0315983
12485372056,0.373129,0.519808,0.557406,0.470404,0.382435,0.25828,0.0962728,0.0309965
12485421956,0.393515,0.510795,0.395678,0.411129,0.330218,0.251538,0.108704,0.0312656
12485471856,0.590459,0.427161,0.440183,0.448045,0.334275,0.232243,0.0949338,0.0405884
12485521757,0.406504,0.469056,0.355047,0.393706,0.339167,0.249574,0.105527,0.0355251
12485571657,0.299,0.387933,0.383414,0.343341,0.302222,0.239971,0.0684869,0.0247435
12485621557,0.451266,0.419763,0.320889,0.386562,0.289059,0.163283,0.0813926,0.029092
12485671457,0.414055,0.395876,0.304128,0.351002,0.319953,0.220749,0.0887053,0.0382996
12485721357,0.359823,0.322311,0.35796,0.382267,0.247038,0.172167,0.0910908,0.0418182
12485771258,0.47254,0.374588,0.292755,0.371621,0.269794,0.200284,0.0970721,0.0112708
12485821158,0.309628,0.292283,0.362487,0.321576,0.311439,0.151892,0.0716739,0.0285764
12485871058,0.351015,0.365845,0.379136,0.356366,0.230701,0.18112,0.099146,0.033058
12485920958,0.226904,0.386107,0.291983,0.303646,0.244308,0.167506,0.0609489,0.0165619
12485970858,0.196262,0.282884,0.2527,0.263752,0.231507,0.162804,0.0686386,0.020441
12486020759,0.330149,0.286099,0.273674,0.287199,0.220069,0.181183,0.0679871,0.0306118
12486070659,0.242798,0.153499,0.333155,0.273254,0.192282,0.128079,0.0807984,0.0326817
12486120559,0.258878,0.191103,0.257957,0.215736,0.165546,0.0872597,0.059633,0.0323633
12486170459,0.283627,0.146849,0.19333,0.217611,0.212874,0.15113,0.0597152,0.0326389
12486220359,0.190894,0.0832212,0.226774,0.234115,0.170429,0.118721,0.0643591,0.0346161
12486270260,0.165593,0.125905,0.21688,0.203109,0.138076,0.118219,0.066405,0.0260435
12486320160,0.132561,0.244487,0.24585,0.204485,0.13906,0.110103,0.0785659,0.0177098
12486370060,0.112618,0.308122,0.218924,0.20898,0.164596,0.126543,0.0589559,0.0207057
12486419960,0.0717486,0.181759,0.248724,0.146882,0.118881,0.102967,0.0680442,0.0194602
12486469860,0.320862,0.175373,0.153819,0.103457,0.161881,0.0951857,0.0448293,0.0128814
12486519761,0.218424,0.171215,0.253762,0.139657,0.135604,0.106596,0.0374146,0.0334263
12486569661,0.232323,0.0811434,0.184997,0.101062,0.108403,0.07696,0.0646338,0.00677543
12486619561,0.0303792,0.173399,0.216813,0.111107,0.0823081,0.0982816,0.0541605,0.00618682
12486669461,0.11172,0.122597,0.0246117,0.166392,0.133375,0.0589845,0.0579463,0.0243689
12486719361,0.152235,0.0378066,-0.0025355,0.115828,0.153689,0.106378,0.0405849,0.0222612
12486769262,0.122152,0.0802301,0.155734,0.152311,0.0784093,0.0661617,0.0405466,0.0113897
12486819162,0.209078,0.0979386,0.122463,0.1331,0.107047,0.0701987,0.0350567,0.00773697
12486869062,0.14987,0.160037,0.150195,0.0993188,0.117307,0.0443612,0.0289928,-0.00257308
12486918962,0.0944403,0.148049,0.197074,0.111441,0.120728,0.0546981,0.0387628,0.0160742
12486968862,0.0431571,0.150545,0.0479534,0.0810565,0.112724,0.103463,0.0578196,0.00551512
12487018763,0.115459,0.166146,0.123635,0.0822261,0.0768835,0.0478508,0.0648354,0.0126008
12487068663,0.0861474,0.0376984,0.0536975,0.0934319,0.11217,0.0593472,0.0248009,0.00847124
12487118563,0.017106,0.145213,0.077824,0.0618555,0.0566443,0.0390372,0.0693793,0.00398995
12487168463,0.030806,0.024873,0.130884,0.109294,0.0936093,0.0471972,0.0246771,0.0120694
12487218363,0.240287,6.46E-05,0.072735,0.0848326,0.0508805,0.0553375,0.0247714,0.0138588
12487268264,0.129667,0.0304909,-0.0520359,0.0491279,0.0570255,0.0433902,0.0153262,0.0265925
12487318164,0.0592999,0.0619505,0.0348752,0.0568237,0.089552,0.0664527,0.0210372,-0.00435576
12487368064,0.137382,0.0679678,-0.00554318,0.0814914,0.0271896,0.0389662,0.025237,0.0146848
12487417964,0.140477,0.0132811,0.0136551,0.0889917,0.0273297,0.0730149,0.0257284,0.00325987
12487467864,0.185796,-0.0093944,0.059788,0.0517889,0.0445189,0.0656094,0.0319148,0.00904827
12487517765,-0.143152,0.054838,0.0676939,0.0642548,0.0719989,0.0168191,0.0308664,0.00692076
12487567665,0.135795,-0.0325269,0.0971724,0.0323961,0.06985,0.022973,0.0492647,0.0148956
12487617565,0.0686961,0.100277,0.0843467,0.011405,0.0567328,0.056706,0.0248222,0.000839088
12487667465,0.0776834,0.0927035,0.0560115,0.0475751,0.0539296,0.0756262,0.0115881,0.00981656
12487717365,-0.0210181,0.0594343,0.0642374,0.0759325,0.0405186,-0.0025284,0.0215683,0.0126212
12487767266,-0.0500769,0.0571955,-0.0736131,0.0816301,0.0220646,0.0936698,0.0192286,-0.00183765
12487817166,0.000902233,0.0574494,0.0228267,0.0378058,-0.00336191,0.0423144,0.0200135,0.0101895
12487867066,-0.000742914,0.0325107,0.00134539,0.0729227,0.0356933,0.0106826,0.024594,0.0113239
12487916966,0.0449022,0.0408631,0.0176386,0.0840582,0.0390002,0.0341726,0.00959995,0.000733701
12487966866,0.0231252,-0.0633227,0.0729823,0.0459484,0.0518243,0.0366504,0.0246726,0.0151543
12488016767,0.0119336,0.0354868,0.077443,0.0175637,0.0229587,0.0253056,0.0323605,0.00534329
12488066667,0.129706,0.0370005,0.0768707,0.0417591,0.0112934,0.0197205,-0.00794396,-0.00151166
12488116567,-0.0386834,0.14509,0.0897837,0.0166881,0.0249107,0.0473858,0.00316214,0.010584
12488166467,0.181061,-0.00533961,0.146293,0.0662459,0.0282696,0.0276281,0.0129241,0.00817596
12488216367,0.041042,-0.0257484,0.0151905,0.00772426,-0.0144806,0.090763,0.0180232,-0.00496322
12488266268,-0.00375544,0.0400035,0.0536289,0.0543987,-0.0142701,0.0182119,0.0121734,-0.00117272
12488316168,-0.0557196,0.00586081,0.0738854,0.0217625,0.0547462,0.0440849,0.0094691,-0.00230271
12488366068,0.128228,0.0495721,-0.0672281,-0.016065,0.0217644,0.0625848,-7.93E-05,-0.00592289
12488415968,0.0113592,0.0997587,-0.114413,-0.0278421,-0.00776584,0.0193267,0.00764835,-0.00711827
12488465868,0.0883931,-0.0905402,-0.0174035,0.0724456,0.0182323,0.0163217,0.00716019,0.0103712
12488515769,-0.0247901,0.0541564,0.0991868,0.00298985,0.000176137,-0.0172837,0.015955,0.015232
12488565669,-0.0795725,-0.0435674,0.0378335,-0.0118764,0.0231825,0.045658,0.0113946,-0.00634763
12488615569,-0.0603934,0.0116895,0.0206158,0.0125384,0.0134492,-0.011268,-0.0113007,-0.00102912
12488665469,0.227341,0.0737764,0.0568486,0.0278978,0.0379771,0.00986218,0.00483195,-0.00140203
12488715369,0.0183318,0.0360268,-0.0983014,0.0134335,-0.0184272,0.00424208,0.00274626,-0.00937003
12488765270,0.103285,0.0329559,0.0919406,0.0185772,0.0154159,0.0610084,0.0268865,-0.00869891
12488815170,0.0552595,0.0328649,-0.0289284,-0.0190663,-0.00419731,-0.00467433,0.00564106,-0.0108546
12488865070,-0.117335,0.0661839,-0.0791311,0.015177,0.011353,0.0200426,0.00653175,-0.00560165
12488914970,-0.110629,0.0334343,0.067163,-0.0166236,-0.0357959,0.0177459,0.00603215,-0.0073683
12488964870,-0.0152052,-0.0520281,-0.0223296,-0.0650171,-0.0164765,0.00632957,-0.00332527,-0.00912689
12489014771,-0.00199446,0.0809649,0.00219439,-0.0201045,0.0256655,0.0044986,0.00201469,-0.00357486
12489064671,-0.052373,-0.00320026,0.0854486,-0.0348292,-0.041629,-0.0200758,-0.00301867,-0.0173753
12489114571,0.0829947,0.0382777,0.0815994,-0.0269553,0.0123048,0.0371273,0.00089417,-0.0128148
12489164471,0.0527801,0.012142,0.0259506,0.00866434,0.0258452,-0.0164424,0.00785235,-0.0148111
12489214371,-0.0746492,0.0283385,0.0597605,0.00791341,-0.0105557,0.057384,-0.00667723,-0.0087146
12489264272,0.0325869,-0.00377835,0.0545025,-0.016924,0.00874335,-0.0233696,-0.0142253,-0.0044804
12489314172,0.137849,0.00456528,-0.00696944,-0.0607824,0.0111529,-0.0216762,-0.0167773,-0.00655372
12489364072,-0.0884168,0.0717376,-0.0388947,0.0269023,-0.00629921,-0.0415224,-0.000202185,-0.0104705
12489413972,-0.0250159,0.00550032,0.00527834,0.00246336,0.00443165,-0.0344621,-0.021732,-0.0242325
12489463872,-0.129451,0.0305952,-0.0495935,0.0150705,0.00426683,-0.00525605,0.0158657,-0.00411504
12489513773,0.0626794,-0.0241292,-0.019232,0.00876883,-0.00754436,0.0311415,0.00833689,-0.0159978
12489563673,-0.140705,0.0166793,0.00194997,0.0305341,0.035285,0.0291014,0.00245808,-0.0136459
12489613573,-0.068049,-0.0469682,-0.0359963,-0.0474328,0.0247119,0.00327204,-0.0229923,-0.00824837
12489663473,-0.00052765,-0.0065772,-0.0366363,0.0191357,-0.00514847,-0.0267575,0.00403752,-0.00689368
12489713373,-0.176886,0.0341347,-0.0313963,0.0364169,0.012696,-0.0268162,-0.0044276,0.000898335
12489763274,0.00584856,0.0391156,-0.0259849,-0.0048812,0.0174289,0.00584206,-0.0257036,-0.00307301
12489813174,-0.153624,0.0833476,-0.030527,-0.0462397,-0.0211799,-0.0249709,-0.00912746,-0.00395557
12489863074,0.0367853,0.0503256,0.103439,0.00889484,-0.0136028,0.0289171,-0.00535632,-0.013091
12489912974,-0.0485392,0.0520659,-0.0112386,0.065636,-0.0213535,0.0406846,-0.0105323,-0.0110953
12489962874,0.0384915,-0.0325856,0.105418,0.0138963,0.0358949,-0.0161892,-0.00139087,-0.0114515
12490012775,-0.0293142,0.09229,-0.00738215,-0.00686973,0.0153505,-0.0333371,-0.0293088,-0.00921542
12490062675,0.00358536,-0.0738277,-0.124346,0.0413696,0.0184712,0.0141383,-0.0116375,-0.00829027
12490112575,-0.0521325,0.0226906,-0.0676685,-0.00279445,0.0100918,-0.0518009,-0.00833968,-0.0134819
12490162475,-0.0531286,0.104684,-0.0197791,-0.00602465,-0.0156183,-0.00954912,-0.0291571,-0.00656138
12490212375,0.0699658,0.0466014,0.0575366,-0.00820264,-0.0165695,-0.0117572,0.00868702,-0.00394729
12490262276,-0.0232984,-0.0137022,0.0711048,0.0439815,-0.0451445,-0.0170241,0.00103044,-0.0137292
12490312176,-0.0504116,0.0358723,0.0352066,0.00616784,-0.0620785,0.00456177,-0.00100062,-0.0159531
12490362076,0.0205387,-0.050192,-0.101637,0.0108559,-0.0710155,-0.0252873,-0.0180795,-0.0219662
12490411976,-0.0109238,0.0202335,-0.0657296,0.026558,-0.0187558,-0.00687618,-0.0122721,-0.0162219
12490461876,-0.00221549,-0.0683311,0.0155996,0.0209769,0.00421751,-0.0403236,0.00487536,-0.0101455
12490511777,-0.021329,-0.053016,-0.0164862,-0.0163735,0.00936389,-0.0137348,-0.0136818,-0.0171027
12490561677,-0.125876,0.0243517,0.00425573,-0.0466698,0.0124543,-0.00453911,-0.015579,-0.00346736
12490611577,0.0898471,0.0240232,0.0655863,-0.000842355,-0.00207156,-0.00222207,-0.0110743,-0.0187252
12490661477,0.00497118,-0.0216551,-0.0425869,0.00618058,0.0110513,-9.60E-05,-0.0212889,-0.00805688
12490711377,0.00184964,-0.0574799,-0.00562221,-0.0119173,0.0292581,0.00166778,-0.0355403,0.000930657
12490761278,0.0445108,0.0108314,-0.118486,-0.0150713,0.0131575,0.0197224,0.0022429,-0.0139727
12490811178,0.0702577,-0.0793743,-0.0166367,-0.0461418,0.00924913,0.00949992,-0.00156269,-0.0244806
12490861078,-0.0262397,0.0336806,0.047885,0.00901926,0.00816173,-0.0226589,-0.0147344,-0.0116967
12490910978,0.000617147,0.0741949,-0.000515865,-0.0413077,0.0317243,0.0238479,-0.0133116,-0.0165194
12490960878,0.155494,-0.222436,-0.0883105,-0.0273335,-0.00629101,-0.0186208,0.00198165,-0.00487744
12491010779,-0.178597,0.046671,-0.033754,-0.00191655,-0.0152074,-0.014885,-0.0125609,-0.0171762
12491060679,-0.206981,-0.0919703,-0.0845568,-0.0290665,0.0179877,-0.0133781,-0.0338902,-0.0160129
12491110579,0.0561618,-0.101253,-0.121233,-0.0333662,-0.0283883,0.00568519,-0.00402297,0.00569632
12491160479,-0.10143,-0.016367,-0.0192206,-0.00911593,0.0193112,-0.00198765,-0.0288301,-0.00941997
12491210379,0.00832625,0.0446027,0.0462844,0.0153774,-0.0332058,-0.051698,0.00833652,-0.0252588
12491260280,0.0266314,-0.0350663,0.0382215,-0.0189792,-0.0113362,0.0146906,-0.00897286,-0.00283886
12491310180,0.0347997,0.0264167,-0.0852605,-0.039463,-0.0184165,-0.0174281,0.00764794,-0.0104609
12491360080,0.013526,-0.0791691,-0.064771,0.041778,-0.00678509,-0.0439137,-0.0166689,-0.00881416
12491409980,0.0374282,-0.0339918,-0.016372,-0.0518466,-0.00865701,-0.0196989,-0.0104548,-0.00853545
12491459880,0.00239787,0.0280715,0.0032066,0.0100343,-0.023605,-0.00679097,-0.0219033,-0.0148297
12491509781,0.0296804,0.13218,-0.0414239,-0.0104576,0.0193384,-0.0226538,-0.00887905,-0.00481808
12491559681,-0.0877196,0.0202965,-0.0019847,-0.0657123,0.00551023,0.00514701,0.0077044,-0.0190371
12491609581,-0.00768969,0.0282796,-0.00986319,-0.0326242,0.0261048,-0.0337112,-0.0398774,-0.0253293
12491659481,0.0482756,0.013054,-0.0624703,-0.0256973,-0.00877309,0.00853556,-0.0322415,-0.00802752
12491709381,0.0175457,-0.0290019,0.0603161,0.00306188,-0.0190052,-0.0142249,-0.00577881,-0.0318625
12491759282,0.13177,-0.0642443,0.0568158,0.00452117,-0.0113147,-0.0219083,-0.0165803,-0.0195052
12491809182,-0.00822445,0.0299477,-0.0745574,0.0213242,0.00421333,0.0246405,-0.0177121,-0.0129632
12491859082,-0.0229702,0.0335131,-0.00681068,-0.0409631,-0.0369805,-0.0139061,-0.0362846,-0.0114288
12491908982,0.114623,0.0285377,-0.0304655,-0.0536363,0.00381952,0.0347499,-0.015846,-0.0145968
12491958882,-0.0219034,0.106367,0.0374714,-0.0727969,-0.000114669,-0.0596173,-0.011646,-0.0247948
12492008783,-0.0173647,-0.112323,-0.0768569,-0.0144861,-0.0227521,0.0114274,-0.0393997,-0.00819917
12492058683,-0.0730119,-0.0341059,-0.0232884,0.0322941,-0.0107037,-0.0207589,-0.028049,-0.0221274
12492108583,-0.0989721,0.0236234,0.0218189,-0.0528963,0.0256038,-0.00653125,-0.0170669,-0.015207
12492158483,0.068546,-0.0189363,-0.0287617,0.0217646,-0.018503,-0.0448745,-0.0325805,-0.022745
12492208383,-0.0978542,0.0393646,-0.0294592,-0.00424141,0.016778,-0.0263908,0.00229713,-0.026822
12492258284,-0.0924018,-0.0407545,0.045574,-0.0466101,-0.0256889,0.00302726,-0.0371685,-0.010006
12492308184,0.0229491,0.105534,-0.0225808,-0.0812952,-0.0638792,-0.0375395,-0.0226865,-0.0113442
12492358084,-0.0756459,-0.000192685,-0.0377106,-0.0803315,-0.0709586,-0.0240999,-0.00604382,-0.02218
12492407984,0.041154,0.00893975,-0.0436291,-0.0128681,-0.0472782,0.0118616,-0.0238712,-0.0271855
12492457884,-0.126403,0.0787559,0.0200736,0.027207,-0.0551652,-0.0518639,-0.000218831,-0.0205115
12492507785,-0.0205979,0.0192384,-0.0830422,-0.040269,-0.0348228,-0.0255244,-0.00945124,-0.0254005
12492557685,-0.0397833,-0.0888863,0.0131216,-0.0340294,-0.00890779,-0.008015,-0.0182888,-0.0147996
12492607585,-0.0519499,-0.101237,-0.0300139,-0.0432807,-0.0147252,-0.00131343,-0.0334931,-0.0187158
12492657485,0.0986972,0.0458256,0.00368358,-0.0250347,-0.00921436,-0.0640048,-0.0319144,-0.015599
12492707385,-0.0385153,-0.0704499,-0.0773036,-0.0441952,-0.018255,-0.00414017,-0.0223821,-0.0229702
12492757286,-0.0451975,0.021666,-0.11573,-0.0721416,-0.0251381,-0.0255301,-0.0115046,-0.021259
12492807186,0.0258405,-0.119295,-0.0771016,-0.0532719,-0.00105695,-0.0487318,-0.0092897,-0.0188172
12492857086,-0.0309205,-0.0339082,0.019604,0.0265787,-0.0230434,-0.0113127,-0.0270435,-0.0244981
12492906986,0.0264098,-0.0933261,-0.121141,-0.0866296,-0.0176168,-0.0442671,-0.0252701,-0.00867971
12492956886,-0.0649097,0.0124977,-0.0102299,-0.04492,-0.0211041,-0.00901917,-0.0283217,-0.0140608
12493006787,-0.00384894,0.0345523,0.00332035,-0.00981847,0.0298282,-0.0130501,-0.0184331,-0.0200289
12493056687,0.0252407,-0.0184244,0.107675,-0.0377505,0.0053597,-0.0550421,-0.0234964,-0.0198546
12493106587,0.0217944,-0.024276,0.0258176,-0.0352693,-0.01782,-0.0349171,-0.0143375,-0.027516
12493156487,0.101346,-0.0228709,0.0100728,-0.0162809,-0.0989644,-0.00643459,-0.0169854,-0.0185863
12493206387,-0.0248441,-0.0169718,-0.0166767,-0.0325943,-0.0518377,-0.0458062,-0.0165734,-0.0143707
12493256288,-0.0534291,-0.118863,0.0201391,0.0138347,-0.00792622,0.0435664,-0.00680911,-0.0163187
12493306188,-0.194342,0.0214009,-0.0273291,0.00515728,-0.00036002,-0.0482618,-0.0139919,-0.0319103
12493356088,-0.121316,-0.0815915,0.037165,-0.00776948,-0.0117213,0.0149683,0.00571373,-0.0105602
12493405988,-0.0626747,-0.0196918,0.0241417,-0.0379172,-0.0122406,0.000960332,-0.0279129,-0.0114426
12493455888,-0.0384953,-0.0251814,-0.0151959,-0.0425515,-0.0435586,-0.0202741,-0.00309336,-0.0212218
12493505789,-0.0375196,-0.0227663,0.00178489,-0.0556691,0.00496768,-0.0203233,-0.0146379,-0.0251203
12493555689,0.0767848,-0.100396,-0.0869337,-0.0307004,0.00746784,-0.0371263,-0.0316211,-0.020686
12493605589,0.00169475,0.0177696,-0.00165169,-0.0255389,-0.0497192,-0.0126524,-0.0220537,-0.0247386
12493655489,0.074078,0.070859,-0.091177,-0.0416879,-0.0373689,-0.0198846,-0.0175692,-0.017295
12493705389,0.0908117,0.00832588,-0.096662,-0.0212327,-0.0251068,0.0250772,-0.039736,-0.0223518
12493755290,-0.112727,0.0408189,0.00373871,-0.00765148,0.000527489,-0.0191916,-0.0141412,-0.0336505
12493805190,-0.193738,-0.011417,0.0338033,-0.0742074,-0.00769357,-0.00343709,-0.0164995,-0.0201404
12493855090,-0.0073712,0.0349421,0.0781576,0.0163429,-0.0154011,0.0195479,-0.0176518,-0.0238194
12493904990,-0.116279,0.0417359,0.0144191,-0.0332185,-0.0193476,0.0282051,0.00303302,-0.0216485
12493954890,0.124739,-0.0439215,-0.0363264,-0.00798014,0.0130239,-0.0619863,0.00335551,-0.00179353
12494004791,0.0853191,-0.00121582,-0.0190466,-0.0183121,0.00881134,-0.0224339,-0.00336895,-0.0211342
12494054691,-0.126302,-0.0979965,-0.117635,-0.0717404,-0.0240232,-0.044863,-0.0191007,-0.0195977
12494104591,-0.0468127,-0.0572704,0.108653,-0.0588585,-0.0381579,-0.0233982,0.000230894,-0.0222104
12494154491,-0.212624,0.0380583,0.0455405,0.030904,-0.0083159,0.0190306,-0.0229315,-0.0216406
12494204391,0.0109619,-0.172288,0.00457236,-0.0418483,0.000169212,0.00980935,-0.0335004,-0.0232564
12494254292,-0.0154911,-0.0934912,0.0104007,0.034864,0.00789328,0.0194326,-0.0220496,-0.0273918
12494304192,0.000681208,-0.0267627,-0.0854888,-0.0328077,-0.00810507,-0.0195061,-0.00648647,-0.0273848
12494354092,-0.0559183,-0.0119418,0.0615686,0.0105549,-0.049599,-0.0361925,-0.00449066,-0.0226938
12494403992,0.117194,-0.00924318,-0.0823317,0.0270883,-0.00450478,-0.000230849,-0.0323164,-0.0178898
12494453892,0.0370348,0.0955191,0.0136136,-0.0263639,-0.0727734,-0.013388,-0.00513933,-0.0139721
12494503793,0.00247525,0.0265831,0.00516652,-0.0453991,0.0116552,-0.0189925,-0.0168961,-0.02468
12494553693,0.0955648,0.10277,-0.118314,-0.0693507,-0.0357874,0.00140729,-0.00740884,-0.0152743
12494603593,-0.0829491,-0.0568623,-0.0605558,-0.0535997,0.0350474,-0.00569972,-0.0381332,-0.0180817
12494653493,0.18557,0.0102945,-0.102118,-0.0414583,-0.000226545,-0.0453398,-0.0275762,-0.0107581
12494703393,0.0232926,0.0126757,-0.0153298,-0.0487061,-0.0354669,-0.0491754,-0.0149944,-0.0181504
12494753294,0.0818284,0.0446573,-0.0291306,-0.0251939,-0.0440163,-0.0387139,-0.00964226,-0.0356645
12494803194,-0.0747613,0.031085,-0.106561,-0.0697049,-0.0385227,-0.00358671,-0.00638999,-0.0224512
12494853094,-0.0135379,-0.0573696,0.116246,0.00782643,-0.0183495,-0.0194565,-0.0194121,-0.0143178
12494902994,-0.183513,0.0359384,-0.0204529,-0.0449992,0.00121656,0.0257425,-0.0509525,-0.0283566
12494952894,-0.0375105,-0.0341545,-0.0220156,0.000281499,-0.0610036,-0.0238912,-0.0262745,-0.0142685
12495002795,-0.0453252,-0.0858014,-0.0652971,-0.00814975,0.0194123,0.0177427,-0.0246353,-0.0114062
12495052695,-0.0892833,-0.0476785,0.0950008,-0.00712067,-0.00958653,-0.0127539,-0.0145222,-0.0257069
12495102595,-0.08566,-0.145173,-0.0420921,-0.0270007,-0.0650114,-0.0792278,-0.0152151,-0.00727088
12495152495,-0.0943523,-0.090387,-0.0358392,-0.0317153,-0.0278748,-0.0568624,-0.0389243,-0.0268849
12495202395,-0.0113198,-0.0504156,0.00299916,-0.08673,0.0187342,-0.0563869,0.0262472,-0.0353902
12495252296,-0.0659822,-0.107222,-0.138624,-0.0179779,-0.00337073,0.0104333,-0.0346538,-0.0328799
12495302196,0.0325831,-0.0480925,-0.0595661,-0.0594518,-0.0526801,-0.00983829,-0.0141053,-0.0286555
12495352096,-0.0728741,0.0225117,-0.0255051,-0.0257446,-0.0303246,-0.0468781,-0.00647999,-0.0143267
12495401996,-0.000572234,-0.0009125,-0.0324024,-0.0104632,-0.0312205,-0.0163241,-0.0259392,-0.0163696
12495451896,-0.00440854,-0.0704162,-0.0225056,-0.0191531,-0.0427111,-0.0423601,-0.0103803,-0.0107725
12495501797,0.0776736,-0.093733,0.0312338,0.010229,0.00672115,-0.0175842,-0.0252727,-0.0200773
12495551697,0.0180004,-0.0223591,0.033031,-0.0227219,-0.00555432,-0.0625792,-0.0320585,-0.0169572
12495601597,-0.0402526,-0.0476228,-0.035785,-0.0466324,-0.0119916,0.00179287,-0.0116275,-0.0288844
12495651497,0.1036,0.0163416,-0.0776344,0.0126351,0.00931808,-0.0103745,-0.0224518,-0.0175261
12495701397,-0.041888,-0.037856,-0.0201231,-0.0354075,-0.0468285,-0.0580206,-0.0146973,-0.0225403
12495751298,-0.0429601,-0.0487307,-0.0257973,-0.0183858,-0.0159904,0.0197019,-0.0263704,-0.0307793
12495801198,0.00770989,-0.104272,0.0197648,-0.00546876,-0.0187046,-0.0256536,-0.011467,-0.0231364
12495851098,0.0955778,0.0454923,0.0504748,-0.0255184,-0.00212727,-0.0501595,-0.0187183,-0.00822521
12495900998,-0.192038,0.0271486,-0.0736883,0.00336326,-0.0129474,-0.0307249,-0.0105495,-0.0109118
12495950898,-0.0231784,-0.0473465,-0.0258513,0.0222622,-0.059723,-0.00164336,-0.0189608,-0.0299667
12496000799,-0.0522208,-0.0167986,0.0124148,0.00523986,-0.0269721,-0.0496445,0.000312057,-0.0156961
12496050699,0.019145,-0.00229057,-0.0749989,0.014131,-0.0176537,-0.0282462,-0.026237,-0.0238156
12496100599,-0.133262,-0.0422108,0.104505,-0.0215565,-0.0514634,-0.0227194,-0.0333832,-0.022526
12496150499,-0.0399946,0.0410524,0.012,-0.0479723,-0.0222654,0.0207508,-0.0180037,-0.012864
12496200399,-0.149617,0.0701753,0.0801226,-0.0172095,-0.0195078,-0.0352885,-0.0151467,-0.00835355
12496250300,0.0936745,-0.0746669,-0.0272146,-0.0266925,-0.0368927,0.0182746,-0.00191387,-0.0126533
12496300200,0.0862561,-0.0470792,-0.018807,-0.0797301,-0.0157608,-0.0494007,-0.0220045,-0.0225793
