Frequency (Hz),Phase - Plot 0,Phase - Plot 1,Phase - Plot 2,Phase - Plot 3,Phase - Plot 4,Phase - Plot 5,Phase - Plot 6,Phase - Plot 7,Phase - Plot 8
12471400000,0.177148,0.0835136,0.10052,0.116876,0.0844862,0.0722405,0.119329,0.0932152,0.0851993
12471449900,0.442049,0.0410795,0.10652,0.0783935,0.0981833,0.111172,0.109819,0.101956,0.089165
12471499800,0.135828,0.0319666,0.0446339,0.150313,0.103299,0.108082,0.10711,0.0919309,0.0754337
12471549701,0.00951728,0.0641512,0.0401205,0.0703516,0.0654203,0.0753894,0.0914169,0.0919376,0.0846327
12471599601,-0.171676,0.0539654,0.126039,0.083239,0.0550273,0.101185,0.0733524,0.102538,0.0740874
12471649501,-0.0113076,0.136286,0.0612062,0.0591482,0.0928071,0.0879346,0.0506558,0.115415,0.0762554
12471699401,0.0914769,0.029637,0.0267704,0.11256,0.0909377,0.0648322,0.0811275,0.106148,0.0892025
12471749301,0.285222,0.09156,0.0538791,0.0853879,0.092104,0.0846281,0.0973528,0.101411,0.0888311
12471799202,0.125928,0.129413,0.0433822,0.122884,0.0796964,0.091827,0.109085,0.094497,0.0797702
12471849102,-0.0216853,0.0347778,0.112604,0.0851615,0.0670299,0.0940086,0.0843928,0.0843778,0.0815189
12471899002,-0.0293986,-0.0642603,0.0989858,0.0350827,0.0812188,0.107891,0.0869624,0.0941806,0.0813102
12471948902,0.154316,0.14653,0.11264,0.12154,0.0846441,0.07965,0.127241,0.0912325,0.0914616
12471998802,0.180907,0.13878,0.0972315,0.101941,0.0530858,0.0692112,0.126409,0.107947,0.0871332
12472048703,-0.0397286,0.035827,0.166877,0.183092,0.106844,0.0709555,0.0972088,0.0971024,0.0874957
12472098603,0.0617582,0.0820772,0.0588832,0.10245,0.059568,0.0902082,0.0690039,0.123045,0.0929867
12472148503,-0.114458,0.0135778,0.0792873,0.0712469,0.0827002,0.0930135,0.096313,0.0810715,0.0844156
12472198403,0.0170026,0.082576,0.072385,0.142281,0.103929,0.112805,0.0922227,0.0838303,0.0794503
12472248303,-0.0648954,0.0534517,0.0573176,0.22659,0.0716054,0.105453,0.0867311,0.0837042,0.0816446
12472298204,0.079597,0.129049,0.153502,0.0903751,0.0698287,0.113165,0.0938287,0.100912,0.0813442
12472348104,0.153347,0.00109112,0.0884956,-0.0065226,0.0768357,0.110713,0.113404,0.108989,0.0908027
12472398004,0.251613,0.175416,0.0542243,0.0670533,0.139343,0.092205,0.11125,0.104223,0.0897663
12472447904,0.177931,0.119354,0.119409,0.092943,0.134782,0.123773,0.0678999,0.113775,0.076743
12472497804,0.110799,0.0843799,0.129775,0.0679071,0.100879,0.104232,0.0733447,0.119705,0.0905893
12472547705,0.0793596,0.0680093,0.174658,0.12516,0.0877732,0.096268,0.115185,0.0973442,0.0837504
12472597605,0.0894386,0.122237,0.0826427,0.108878,0.0970538,0.107256,0.110246,0.113032,0.0898186
12472647505,0.179393,0.0220499,0.0300757,0.096014,0.112632,0.10124,0.0865148,0.0814235,0.0785215
12472697405,-0.0452293,-0.0500045,0.0436096,0.0929206,0.131682,0.0858496,0.0961988,0.0882937,0.0818802
12472747305,-0.105101,0.157735,0.0739731,0.156604,0.0710399,0.111001,0.0868398,0.10266,0.094944
12472797206,-0.053619,0.0164262,0.102568,0.0950498,0.0823768,0.112588,0.104377,0.0994858,0.0936228
12472847106,0.0243924,0.0963654,0.067402,0.117712,0.063195,0.0861019,0.113374,0.10534,0.0937865
12472897006,0.0169681,0.138871,0.0484104,0.0164611,0.131641,0.117941,0.0926939,0.100186,0.0861844
12472946906,-0.0141781,0.248648,0.0969933,0.105784,0.0725905,0.121184,0.0394804,0.0831966,0.0936612
12472996806,0.00660883,0.134503,0.0714644,0.0687655,0.118436,0.0993695,0.102937,0.0797265,0.0858938
12473046707,0.0425054,0.142622,0.105796,0.157095,0.122138,0.105934,0.0753539,0.093544,0.0836098
12473096607,-0.00800989,0.176008,0.085978,0.103942,0.0962504,0.088495,0.0825481,0.109993,0.0852798
12473146507,0.0846067,0.0208607,0.0542573,0.0936611,0.0797845,0.0898147,0.0669162,0.113541,0.0845283
12473196407,0.191724,0.159783,0.0902672,0.0451716,0.0938703,0.0849627,0.0892085,0.113159,0.0873023
12473246307,-0.00569752,0.152759,0.104473,0.113818,0.0582907,0.107728,0.130326,0.0843294,0.0896672
12473296208,0.172347,0.101699,0.109005,0.0903431,0.103968,0.0954176,0.121325,0.100802,0.087494
12473346108,0.273307,0.0335547,0.154947,0.0267497,0.130539,0.111551,0.10707,0.0896552,0.101655
12473396008,0.160222,0.096465,0.100861,0.107359,0.117624,0.104498,0.0905775,0.0889634,0.0950008
12473445908,0.315367,0.0967666,0.0873462,0.105138,0.12228,0.0922061,0.0943753,0.112152,0.0843145
12473495808,0.0309927,0.147703,0.0870577,0.0418306,0.128137,0.129259,0.144893,0.110015,0.0838402
12473545709,0.111004,0.163583,0.00600821,0.0599562,0.139187,0.107524,0.162676,0.110288,0.0948444
12473595609,0.146985,0.178359,0.0916684,0.118551,0.0895209,0.124187,0.0816345,0.105291,0.0806745
12473645509,0.229772,0.153815,0.0659071,0.157829,0.0736161,0.113294,0.119403,0.089734,0.087565
12473695409,0.0237818,0.0363727,0.111816,0.134189,0.0818744,0.0920364,0.111165,0.0888478,0.0991101
12473745309,0.204469,0.242321,0.0798519,0.0786043,0.139614,0.100644,0.0922353,0.103552,0.0863946
12473795210,0.14706,0.105498,0.0998911,0.195888,0.123574,0.106218,0.139377,0.103768,0.0872654
12473845110,0.271347,0.134716,0.133183,0.170808,0.0997254,0.080345,0.125775,0.0864276,0.101315
12473895010,0.111326,0.027826,0.16199,0.143985,0.105333,0.116118,0.102646,0.101095,0.0902294
12473944910,-0.0375762,-0.032406,0.0866251,0.116916,0.149227,0.0943436,0.0993157,0.0892278,0.0945898
12473994810,0.0295034,0.258866,0.112012,0.146513,0.136396,0.113827,0.114006,0.0991154,0.0883315
12474044711,0.159412,0.100373,0.13476,0.03809,0.0583556,0.106912,0.130082,0.115758,0.0938208
12474094611,0.267843,0.0489802,0.0674202,0.111618,0.133775,0.0722147,0.0909587,0.124096,0.0926482
12474144511,-0.0510219,0.0567832,-0.00300239,0.103586,0.143075,0.121096,0.135661,0.114678,0.0997345
12474194411,0.0413789,0.169539,0.0592133,0.0999032,0.0513838,0.0786606,0.115474,0.0935406,0.0931289
12474244311,0.113099,0.0592885,0.144613,0.0773296,0.0779595,0.11222,0.108799,0.107507,0.0909883
12474294212,-0.00386665,0.0825778,0.14952,0.0383408,0.0959204,0.118438,0.14547,0.105348,0.0903985
12474344112,0.0480972,0.0568637,0.115492,0.119868,0.132551,0.0893478,0.106937,0.103917,0.0799942
12474394012,0.0561762,0.0694239,0.140763,0.164559,0.147837,0.134449,0.141732,0.116886,0.091856
12474443912,0.145768,0.0888549,0.0692459,0.117206,0.124684,0.124394,0.128064,0.111457,0.0946091
12474493812,0.0423381,-0.0589383,0.0805238,0.110273,0.0916043,0.124345,0.0987216,0.104755,0.100708
12474543713,0.202298,-0.0288293,0.167439,0.131225,0.131837,0.107672,0.126644,0.117527,0.0943361
12474593613,0.0746867,0.0300327,0.110718,0.122128,0.0946226,0.113077,0.114951,0.117624,0.0843161
12474643513,0.193102,0.0672143,0.0938601,0.125506,0.0974011,0.100984,0.101893,0.124959,0.0943968
12474693413,0.263498,-0.00663326,0.161362,0.10721,0.117434,0.113045,0.109388,0.095617,0.0840008
12474743313,-0.00631396,0.0774436,0.12948,0.206632,0.103838,0.09492,0.113307,0.116334,0.0963519
12474793214,0.189114,0.171256,0.176452,0.147406,0.110658,0.127431,0.10118,0.104567,0.103099
12474843114,0.269499,0.122603,0.169091,0.243374,0.15591,0.139885,0.126104,0.121209,0.0997826
12474893014,0.0805907,0.116855,0.0486972,0.103413,0.108061,0.113543,0.0861936,0.114667,0.0945059
12474942914,0.0796941,0.111649,0.134403,0.117102,0.137694,0.090423,0.105658,0.101795,0.0928909
12474992814,0.233132,0.0552035,0.0626484,0.101003,0.157242,0.121146,0.152011,0.107067,0.089563
12475042715,0.201994,0.0232408,0.0840177,0.0574205,0.121561,0.128133,0.120553,0.114054,0.0979354
12475092615,0.216223,0.190012,0.157117,0.172871,0.0872819,0.102091,0.096863,0.108184,0.101852
12475142515,-0.00391745,0.0506974,0.121941,0.0730934,0.0903417,0.121419,0.111611,0.132483,0.094174
12475192415,0.257845,0.0476381,0.0991228,0.139126,0.0989698,0.0978358,0.118464,0.113452,0.109828
12475242315,0.153154,0.120325,0.0878366,0.217786,0.102821,0.0895308,0.110699,0.126456,0.0958991
12475292216,0.21789,0.119416,0.125074,0.119573,0.126349,0.112226,0.141895,0.13482,0.102145
12475342116,0.0235581,0.115414,0.177862,0.0344701,0.120002,0.09968,0.131528,0.10903,0.0992159
12475392016,0.323211,0.130637,0.131859,0.132811,0.135524,0.117853,0.120159,0.0974981,0.0978642
12475441916,0.203952,0.0789533,0.0994538,0.0691536,0.118207,0.135143,0.137934,0.130111,0.0908544
12475491816,-0.106573,0.062823,0.0456023,0.15196,0.0805509,0.11685,0.121459,0.127019,0.103899
12475541717,-0.189764,0.144899,0.0565273,0.0712746,0.113312,0.108443,0.122316,0.118265,0.0895871
12475591617,0.293714,0.118538,0.104539,0.131805,0.0872772,0.117386,0.158174,0.1282,0.0972864
12475641517,0.0171485,0.0710281,0.11857,0.112819,0.131017,0.148305,0.159752,0.125202,0.110621
12475691417,0.209341,-0.00532083,0.203453,0.140739,0.0998875,0.0926983,0.131389,0.121964,0.0943519
12475741317,0.10385,0.0452333,0.118755,0.0814546,0.111903,0.0946039,0.123519,0.112666,0.0888094
12475791218,0.0429357,0.245937,0.141733,0.0586174,0.155122,0.13814,0.109824,0.118653,0.104905
12475841118,0.0643942,0.0637529,0.0658688,0.123141,0.137489,0.131291,0.106569,0.107999,0.108324
12475891018,0.172356,-0.0939708,0.151715,0.107839,0.160819,0.111928,0.118484,0.119414,0.103782
12475940918,0.0807479,0.125195,0.12127,0.0985886,0.103068,0.132038,0.114861,0.134246,0.0965555
12475990818,0.169697,0.0167852,0.158112,0.110074,0.0917575,0.15574,0.117522,0.119248,0.106745
12476040719,0.230681,0.133954,0.109282,0.111037,0.13881,0.109739,0.1401,0.128128,0.115401
12476090619,-0.00466173,0.0586563,0.194481,0.0241916,0.0880227,0.150896,0.139086,0.117798,0.107167
12476140519,-0.0617395,0.140258,0.143137,0.142938,0.125661,0.152492,0.140826,0.118992,0.105406
12476190419,0.131444,0.18144,0.149185,0.0759172,0.172072,0.144504,0.141196,0.126115,0.100686
12476240319,0.147556,0.0751879,0.0820043,0.154148,0.168672,0.122478,0.12416,0.129139,0.0979734
12476290220,0.158236,0.175047,0.161676,0.195087,0.159011,0.112539,0.107199,0.111882,0.107188
12476340120,0.135088,0.113282,0.13962,0.0979894,0.107123,0.154792,0.149978,0.0958081,0.0963493
12476390020,0.170337,0.169799,0.181606,0.0749155,0.131226,0.192668,0.148543,0.106391,0.10476
12476439920,0.127181,0.120576,0.169511,0.157574,0.125348,0.123122,0.151189,0.126858,0.108176
12476489820,0.279929,0.148882,0.167737,0.0693185,0.151973,0.14366,0.101175,0.133304,0.101752
12476539721,0.0983456,0.0424619,0.158657,0.115885,0.111192,0.129839,0.154603,0.115862,0.104206
12476589621,0.361866,0.077654,0.166689,0.179422,0.135709,0.132023,0.149757,0.133665,0.0912527
12476639521,0.106034,0.117214,0.18362,0.237659,0.214148,0.166784,0.147318,0.131096,0.106848
12476689421,0.127232,0.161323,0.124937,0.142466,0.125603,0.128909,0.142136,0.107527,0.0999452
12476739321,0.061833,0.135704,0.0443737,0.123798,0.135336,0.135137,0.136481,0.131049,0.10431
12476789222,0.140302,0.127267,0.101044,0.096922,0.119216,0.168197,0.114128,0.113754,0.0961233
12476839122,0.367729,0.198264,0.177986,0.092517,0.107794,0.112922,0.12875,0.136972,0.106856
12476889022,0.127391,0.093263,0.0455661,0.204031,0.119802,0.118328,0.153292,0.146272,0.106359
12476938922,0.114269,-0.000978528,0.0401492,0.190695,0.18853,0.155957,0.148834,0.106014,0.107859
12476988822,0.0570924,0.184995,0.113351,0.132959,0.137031,0.118917,0.129931,0.125664,0.107001
12477038723,0.296742,0.193742,0.0947422,0.172339,0.0859939,0.154226,0.103375,0.133392,0.10657
12477088623,-0.129583,0.121599,0.170532,0.150083,0.129222,0.124337,0.136699,0.125695,0.0986198
12477138523,-0.0234056,0.112288,0.0716568,0.161974,0.121612,0.132978,0.139091,0.129888,0.113469
12477188423,0.0941066,0.230222,0.198841,0.172754,0.117203,0.12024,0.166203,0.123935,0.111847
12477238323,0.105338,0.0908151,0.1874,0.199152,0.154793,0.146637,0.14248,0.130663,0.103662
12477288224,0.0728906,0.150536,0.0200461,0.15302,0.148465,0.127498,0.152249,0.139136,0.111116
12477338124,0.275193,0.102628,0.098452,0.213113,0.112251,0.173324,0.153899,0.125022,0.10273
12477388024,0.247234,0.0525432,0.144813,0.19647,0.18828,0.110195,0.0818016,0.125268,0.10907
12477437924,-0.0726984,0.158749,0.104625,0.108088,0.12835,0.149754,0.15364,0.135561,0.0977794
12477487824,0.187666,0.0886493,0.174582,0.0847195,0.204833,0.182582,0.164016,0.133569,0.101663
12477537725,0.249351,0.109775,0.162914,0.134233,0.128637,0.154758,0.149009,0.134854,0.11076
12477587625,0.0812463,0.0896084,0.248645,0.125291,0.19021,0.146,0.15871,0.138949,0.102278
12477637525,0.00361393,0.0990719,0.15637,0.147903,0.163604,0.171092,0.152659,0.133596,0.11669
12477687425,0.196731,-0.0121823,0.181168,0.158658,0.141722,0.133233,0.152024,0.13695,0.120209
12477737325,0.0122821,0.047601,0.197595,0.168976,0.177835,0.159875,0.146052,0.144703,0.105452
12477787226,0.206989,0.14747,0.115373,0.122979,0.146498,0.146246,0.168535,0.145452,0.104207
12477837126,0.169063,0.164065,0.21903,0.206582,0.181095,0.12949,0.170557,0.137996,0.109781
12477887026,0.286936,0.176168,0.257821,0.198895,0.186591,0.170695,0.122305,0.156847,0.0995792
12477936926,0.161125,0.0824915,0.162811,0.142498,0.150241,0.175606,0.124021,0.135349,0.111313
12477986826,0.0477605,0.020705,0.0918171,0.204042,0.174066,0.136057,0.149463,0.156509,0.118415
12478036727,0.273189,0.295771,0.161138,0.152081,0.142942,0.171169,0.145163,0.133623,0.108695
12478086627,-0.048089,0.127115,0.141719,0.190102,0.179064,0.133948,0.130807,0.143737,0.109403
12478136527,0.102026,0.0856822,0.155009,0.187199,0.198506,0.163619,0.145699,0.147347,0.106268
12478186427,-0.07332,0.220964,0.148522,0.209766,0.222039,0.15143,0.165941,0.12913,0.103748
12478236327,0.22349,0.142785,0.150954,0.124793,0.1303,0.174042,0.158558,0.129619,0.105251
12478286228,0.116559,0.208622,0.188753,0.197765,0.180491,0.151391,0.161934,0.15086,0.11769
12478336128,0.185618,0.227098,0.11284,0.0712369,0.174986,0.14947,0.155601,0.14239,0.10706
12478386028,0.13535,0.173137,0.185822,0.212597,0.16965,0.163193,0.165681,0.142766,0.117775
12478435928,0.0490002,0.109225,0.230449,0.162485,0.18839,0.156066,0.171441,0.14442,0.116046
12478485828,0.145698,0.17836,0.172731,0.119391,0.182911,0.169777,0.161428,0.140284,0.11232
12478535729,-0.00645073,0.0148486,0.175424,0.185899,0.142918,0.141927,0.163966,0.140313,0.108398
12478585629,0.27151,0.172105,0.140509,0.142276,0.170504,0.163188,0.179953,0.13891,0.106162
12478635529,0.0710924,0.20757,0.175905,0.109778,0.144195,0.179446,0.181962,0.141354,0.0974466
12478685429,0.219733,0.173928,0.146106,0.217048,0.161708,0.167743,0.186716,0.152878,0.10744
12478735329,0.0535042,0.168914,0.169713,0.228899,0.198032,0.170587,0.166016,0.149283,0.100761
12478785230,0.482422,0.206362,0.173642,0.149323,0.181215,0.1572,0.162129,0.146572,0.110131
12478835130,0.133523,0.0871101,0.13702,0.118995,0.173207,0.152776,0.185829,0.152713,0.105285
12478885030,0.23027,0.237796,0.133402,0.19589,0.155752,0.165948,0.179376,0.13511,0.104178
12478934930,0.314091,0.243103,0.226393,0.176758,0.192429,0.159467,0.166022,0.14681,0.103315
12478984830,0.146176,0.217522,0.0833873,0.246632,0.149206,0.181256,0.163516,0.148206,0.119774
12479034731,0.331325,0.206579,0.177783,0.15766,0.17626,0.190985,0.157371,0.168538,0.114682
12479084631,0.196151,0.134068,0.169993,0.181193,0.196683,0.188881,0.158038,0.165336,0.111542
12479134531,0.128249,0.142298,0.146287,0.135028,0.159483,0.141777,0.187389,0.146402,0.106787
12479184431,0.271728,0.219016,0.250251,0.20921,0.202004,0.195977,0.155984,0.16832,0.101862
12479234331,0.253935,0.121403,0.209633,0.197187,0.208309,0.199541,0.171868,0.145991,0.118687
12479284232,0.386888,0.0617756,0.199561,0.135799,0.180984,0.197144,0.183195,0.153367,0.120419
12479334132,0.0463729,0.175895,0.13507,0.214699,0.148886,0.210557,0.175579,0.146186,0.112329
12479384032,0.304767,0.118891,0.21188,0.161972,0.212387,0.210375,0.222808,0.143941,0.119944
12479433932,0.106893,0.2295,0.209226,0.273229,0.177705,0.191037,0.169689,0.1386,0.112703
12479483832,0.127564,0.186764,0.229895,0.200119,0.184289,0.191274,0.16299,0.175996,0.118898
12479533733,0.200659,0.149034,0.102377,0.172603,0.162609,0.167349,0.190508,0.150337,0.121525
12479583633,0.326611,0.0496363,0.306496,0.179446,0.156075,0.193818,0.19916,0.141003,0.117929
12479633533,0.141794,0.298561,0.25328,0.210503,0.191814,0.196218,0.19344,0.152051,0.100392
12479683433,0.204931,0.154963,0.219274,0.262848,0.190234,0.185667,0.198142,0.162632,0.110908
12479733333,0.0223646,0.146863,0.212507,0.17113,0.223952,0.182973,0.198624,0.156485,0.103114
12479783234,0.277205,0.158579,0.143124,0.116296,0.185948,0.222373,0.204267,0.140731,0.113412
12479833134,0.293507,0.126339,0.192299,0.155075,0.166816,0.219478,0.205758,0.163349,0.111279
12479883034,0.277568,0.183891,0.195271,0.156832,0.213074,0.222558,0.183576,0.155633,0.0976593
12479932934,0.187172,0.281339,0.211419,0.243075,0.244603,0.200729,0.199176,0.149914,0.10916
12479982834,0.162336,0.226596,0.205411,0.187319,0.246882,0.226751,0.182547,0.148436,0.110747
12480032735,0.0696198,0.227087,0.245407,0.16504,0.145879,0.244497,0.182244,0.167908,0.0976717
12480082635,0.133639,0.260883,0.239628,0.197525,0.208396,0.212225,0.217062,0.140676,0.103317
12480132535,0.125661,0.183907,0.227829,0.27919,0.200366,0.235346,0.211835,0.147606,0.107718
12480182435,0.124001,0.320243,0.143758,0.192337,0.211857,0.232108,0.208589,0.158549,0.105298
12480232335,0.11046,0.1139,0.316632,0.244773,0.227584,0.212367,0.205812,0.156308,0.092903
12480282236,0.187648,0.259012,0.229497,0.251408,0.213838,0.208488,0.188456,0.168771,0.10409
12480332136,0.212917,0.163246,0.189541,0.225569,0.236616,0.255925,0.225523,0.144889,0.0935392
12480382036,0.119211,0.169145,0.258816,0.205902,0.162348,0.214521,0.194012,0.170279,0.0981833
12480431936,0.16709,0.266497,0.233378,0.220521,0.168306,0.237421,0.218009,0.152174,0.100678
12480481836,0.197814,0.363163,0.177496,0.242418,0.219288,0.243303,0.184795,0.178863,0.0905812
12480531737,0.244695,0.247878,0.257094,0.158749,0.269011,0.21439,0.199252,0.147354,0.100481
12480581637,0.0785324,0.136506,0.226726,0.26223,0.239362,0.230077,0.199058,0.167699,0.105084
12480631537,0.298289,0.2938,0.220548,0.195326,0.264431,0.228854,0.190065,0.161481,0.107956
12480681437,0.266325,0.248501,0.266898,0.204913,0.213484,0.19951,0.204108,0.158259,0.101675
12480731337,0.227531,0.125691,0.269728,0.256229,0.244643,0.24665,0.226806,0.166775,0.101911
12480781238,0.269344,0.329065,0.249986,0.193268,0.196464,0.213872,0.197883,0.165314,0.10649
12480831138,0.450856,0.153749,0.303691,0.235547,0.20455,0.226563,0.228832,0.157316,0.0958934
12480881038,0.295537,0.155095,0.318662,0.235452,0.251658,0.235733,0.214339,0.175193,0.103424
12480930938,0.0758317,0.131426,0.317528,0.20573,0.256029,0.24553,0.199367,0.173157,0.0898876
12480980838,0.186982,0.258216,0.242509,0.166294,0.281887,0.230067,0.238605,0.173119,0.107224
12481030739,0.407768,0.126418,0.24108,0.23239,0.222244,0.211699,0.243053,0.14384,0.101665
12481080639,-0.0785949,0.229706,0.187577,0.214531,0.207575,0.233415,0.207726,0.16031,0.0994118
12481130539,0.0942782,0.316707,0.253453,0.25912,0.264263,0.250746,0.223654,0.179314,0.0949383
12481180439,0.443805,0.204702,0.235191,0.194706,0.290269,0.25895,0.197681,0.145142,0.111605
12481230339,0.189329,0.308641,0.211187,0.293857,0.234333,0.237585,0.216366,0.153456,0.090677
12481280240,0.136919,0.293843,0.186398,0.22965,0.223516,0.228574,0.214499,0.152883,0.0973073
12481330140,0.0659934,0.201445,0.252786,0.244042,0.265766,0.260758,0.23535,0.165765,0.105386
12481380040,0.184293,0.23418,0.261147,0.262598,0.238191,0.246029,0.216082,0.137575,0.102985
12481429940,0.456946,0.286437,0.277653,0.36798,0.208893,0.277321,0.21368,0.162203,0.094907
12481479840,0.144874,0.352248,0.259517,0.271238,0.316668,0.245248,0.252063,0.164037,0.105219
12481529741,0.254824,0.287477,0.335381,0.192405,0.266502,0.270566,0.218157,0.159122,0.0859707
12481579641,0.38899,0.322502,0.207612,0.244247,0.246445,0.233512,0.233656,0.157036,0.0850506
12481629541,0.265957,0.269632,0.270246,0.178882,0.233727,0.279069,0.240326,0.168705,0.101654
12481679441,0.38203,0.29497,0.274477,0.190336,0.285259,0.26791,0.248651,0.172481,0.0953995
12481729341,0.273693,0.234319,0.300198,0.320107,0.276971,0.286315,0.215998,0.164499,0.0899719
12481779242,0.338635,0.276375,0.297722,0.286965,0.253657,0.261081,0.22929,0.173239,0.0936137
12481829142,0.368095,0.313141,0.251973,0.270598,0.291096,0.275376,0.239493,0.163916,0.0875955
12481879042,0.114573,0.222704,0.360442,0.369557,0.320819,0.275488,0.23774,0.152448,0.0774236
12481928942,0.278433,0.34158,0.313274,0.309954,0.288237,0.27503,0.23426,0.151198,0.0861417
12481978842,0.162003,0.167066,0.281764,0.264101,0.290368,0.27353,0.241329,0.152008,0.072502
12482028743,0.288813,0.342421,0.281545,0.317243,0.280252,0.27541,0.223281,0.146599,0.0765313
12482078643,0.420094,0.29273,0.252712,0.243898,0.283785,0.281267,0.223697,0.164111,0.0761697
12482128543,0.217235,0.305912,0.259472,0.26645,0.313482,0.294897,0.212924,0.146428,0.0734013
12482178443,0.33494,0.243977,0.317322,0.29888,0.334636,0.282327,0.24351,0.13187,0.0752448
12482228343,0.105782,0.315189,0.31799,0.348742,0.303119,0.265899,0.226934,0.153506,0.0713045
12482278244,0.452417,0.213879,0.292589,0.28424,0.302611,0.292774,0.214602,0.132038,0.0744372
12482328144,0.272768,0.341804,0.25281,0.303944,0.313806,0.281203,0.219905,0.139182,0.0818491
12482378044,0.377588,0.222581,0.29652,0.293879,0.32091,0.310505,0.227845,0.139299,0.0814419
12482427944,0.271685,0.282806,0.33988,0.317495,0.280855,0.285403,0.201253,0.153969,0.0790451
12482477844,0.111296,0.270828,0.374957,0.377486,0.287928,0.31819,0.242022,0.12531,0.0686502
12482527745,0.357089,0.251443,0.293113,0.327397,0.335845,0.283942,0.239329,0.123891,0.0721438
12482577645,0.316673,0.177464,0.268632,0.342883,0.309294,0.352581,0.191549,0.131484,0.0777074
12482627545,0.236769,0.331188,0.331306,0.273509,0.338607,0.280062,0.242968,0.14923,0.0569306
12482677445,0.424817,0.273296,0.332029,0.240066,0.370259,0.268767,0.190242,0.126732,0.0753552
12482727345,0.382655,0.32238,0.338373,0.388171,0.325652,0.300948,0.221286,0.142066,0.058095
12482777246,0.343569,0.371514,0.315895,0.29963,0.311541,0.306705,0.201482,0.125027,0.0750116
12482827146,0.409393,0.326353,0.332608,0.334927,0.315766,0.305639,0.223003,0.127747,0.0468645
12482877046,0.286584,0.351921,0.307851,0.308958,0.312078,0.280329,0.226449,0.125127,0.0676433
12482926946,0.22184,0.254375,0.261848,0.325343,0.335915,0.292146,0.194622,0.121847,0.0553074
12482976846,0.430081,0.267433,0.305805,0.363381,0.350274,0.269571,0.180836,0.0992386,0.0567043
12483026747,0.440528,0.362271,0.301538,0.319693,0.316692,0.261272,0.227972,0.125308,0.0516885
12483076647,0.371785,0.277847,0.348495,0.349731,0.304825,0.269451,0.217825,0.102317,0.0520599
12483126547,0.26155,0.421259,0.337531,0.376579,0.339118,0.296332,0.195102,0.110021,0.0427979
12483176447,0.254253,0.418931,0.281679,0.359934,0.314998,0.255516,0.160613,0.108973,0.0527635
12483226347,0.310185,0.33011,0.286107,0.25289,0.28998,0.251558,0.207052,0.108883,0.0461832
12483276248,0.351576,0.307372,0.287825,0.352575,0.313503,0.260978,0.163112,0.0856953,0.0366739
12483326148,0.18903,0.267153,0.344768,0.333214,0.321693,0.260499,0.156266,0.103172,0.0513403
12483376048,0.202032,0.243003,0.316121,0.341855,0.293369,0.227317,0.153966,0.105435,0.0386009
12483425948,0.30633,0.247848,0.325555,0.392425,0.302372,0.224953,0.137909,0.0899772,0.0445484
12483475848,0.187299,0.413361,0.312378,0.361446,0.263069,0.209742,0.142227,0.0879152,0.0324288
12483525749,0.231448,0.289633,0.337553,0.343165,0.299398,0.220159,0.12899,0.0908949,0.036758
12483575649,0.241635,0.201221,0.131784,0.334751,0.243209,0.223112,0.145869,0.0634701,0.0309131
12483625549,0.305838,0.353406,0.233296,0.349348,0.241069,0.190341,0.110973,0.050522,0.028568
12483675449,0.081611,0.230426,0.206053,0.278743,0.260567,0.170896,0.147997,0.0611459,0.0374977
12483725349,0.266034,0.267059,0.237463,0.242731,0.228148,0.135639,0.126446,0.0519111,0.0282087
12483775250,0.284455,0.219666,0.191794,0.278583,0.24114,0.143023,0.119569,0.068587,0.0296604
12483825150,0.28028,0.273814,0.179595,0.284055,0.20697,0.192594,0.101008,0.0320101,0.0272994
12483875050,0.259603,0.187664,0.237516,0.2545,0.217524,0.183412,0.0882098,0.0317313,0.0190408
12483924950,0.242969,0.177306,0.170801,0.165554,0.158837,0.138811,0.0774153,0.0563319,0.0204232
12483974850,0.109747,0.160781,0.208111,0.301052,0.174144,0.122563,0.0758786,0.0398128,0.0186967
12484024751,0.256094,0.2365,0.140896,0.200667,0.162159,0.148502,0.0764814,0.0444749,0.0159129
12484074651,0.130453,0.123501,0.0996301,0.179068,0.143556,0.117804,0.0419965,0.0322914,0.0248038
12484124551,0.191916,0.207988,0.0603581,0.162827,0.14946,0.0978613,0.0780961,0.00871436,0.0159978
12484174451,-0.0570048,0.158102,0.117172,0.0780034,0.134237,0.0706535,0.0367623,0.0318583,0.0226635
12484224351,-0.11221,0.162671,0.0756924,0.0840521,0.0991902,0.0656039,0.0204842,0.0301738,0.00339201
12484274252,-0.196263,0.0535154,0.0355096,-0.0113068,0.0825911,0.0847969,0.0328442,0.00161791,0.00611206
12484324152,-0.0765014,0.060511,0.0219091,0.00124559,0.0194307,0.0245085,-0.0104017,0.00458731,0.00230396
12484374052,0.030332,-0.0307521,0.0210262,0.02775,0.00915243,-0.00143546,-0.00569577,0.00013075,-0.000699466
12484423952,-0.0346634,-0.0201781,0.0307552,-0.0996654,-0.0456924,-0.0377016,0.0136949,-0.0145339,-0.00487267
12484473852,-0.0521034,-0.0651569,0.00558254,-0.0497461,-0.0204209,-0.0603646,-0.0303438,-0.00982083,0.00225063
12484523753,0.0374678,-0.0846632,-0.126843,-0.128449,-0.0306158,-0.0821928,-0.0356253,-0.0126925,0.00292728
12484573653,-0.212706,-0.0655074,-0.0349943,-0.119388,-0.0757939,-0.0530698,-0.0302209,-0.0220964,0.00746137
12484623553,-0.0829424,-0.242207,-0.0692321,-0.145628,-0.111494,-0.0779529,-0.0835005,-0.0306369,0.000225438
12484673453,-0.00828049,-0.132132,-0.054921,-0.107081,-0.15812,-0.0944252,-0.0903769,-0.0274251,-0.0199504
12484723353,-0.223251,-0.177791,-0.17466,-0.168247,-0.107995,-0.0889617,-0.0757262,-0.0217426,-0.00756846
12484773254,-0.298804,-0.262982,-0.105326,-0.121943,-0.169499,-0.134075,-0.101103,-0.0377183,-0.0168473
12484823154,-0.348128,-0.206804,-0.229927,-0.244692,-0.191633,-0.192212,-0.113212,-0.0413754,-0.0122252
12484873054,-0.45566,-0.285709,-0.236731,-0.220164,-0.197114,-0.181332,-0.0996605,-0.0312712,-0.0108116
12484922954,-0.468375,-0.366099,-0.262495,-0.293812,-0.233713,-0.192075,-0.121679,-0.0355696,-0.0131736
12484972854,-0.278868,-0.253284,-0.230562,-0.274944,-0.304273,-0.197404,-0.114594,-0.0654345,-0.0252423
12485022755,-0.320239,-0.418942,-0.246189,-0.311055,-0.290653,-0.199275,-0.166635,-0.0424719,-0.0311599
12485072655,-0.361533,-0.246903,-0.266126,-0.319845,-0.267059,-0.244366,-0.143481,-0.0692203,-0.0302361
12485122555,-0.369001,-0.313171,-0.331357,-0.375231,-0.279584,-0.260911,-0.150704,-0.0580276,-0.0140048
12485172455,-0.447149,-0.254434,-0.318505,-0.412464,-0.290539,-0.287005,-0.175277,-0.0523612,-0.0319607
12485222355,-0.468609,-0.287397,-0.385186,-0.40826,-0.377133,-0.290087,-0.198053,-0.0880728,-0.0311801
12485272256,-0.118772,-0.415929,-0.343113,-0.314738,-0.378935,-0.267848,-0.174979,-0.0818326,-0.0238405
12485322156,-0.355207,-0.387337,-0.449692,-0.350469,-0.348585,-0.281316,-0.188599,-0.0754726,-0.0345633
12485372056,-0.457274,-0.3871,-0.438615,-0.377396,-0.388758,-0.325119,-0.218223,-0.0943115,-0.0142001
12485421956,-0.529308,-0.27222,-0.41264,-0.409659,-0.357662,-0.320221,-0.24718,-0.0900776,-0.0304161
12485471856,-0.428788,-0.476812,-0.37728,-0.366853,-0.366904,-0.331344,-0.207685,-0.114028,-0.0411377
12485521757,-0.494637,-0.259555,-0.433534,-0.40598,-0.441468,-0.332751,-0.190342,-0.0987465,-0.0403177
12485571657,-0.326901,-0.430511,-0.491181,-0.407527,-0.409311,-0.348936,-0.242339,-0.106531,-0.0389673
12485621557,-0.520788,-0.391186,-0.432473,-0.413049,-0.420292,-0.359772,-0.182214,-0.102518,-0.030448
12485671457,-0.619451,-0.392828,-0.406553,-0.396294,-0.410375,-0.337495,-0.256012,-0.0895043,-0.0382276
12485721357,-0.396599,-0.521025,-0.358942,-0.435328,-0.396517,-0.364172,-0.249563,-0.107258,-0.0433315
12485771258,-0.332761,-0.459404,-0.413789,-0.424234,-0.415405,-0.371883,-0.261432,-0.106889,-0.0308689
12485821158,-0.493197,-0.440284,-0.362978,-0.428382,-0.44704,-0.312526,-0.232946,-0.116377,-0.0609354
12485871058,-0.24636,-0.427626,-0.389561,-0.363475,-0.416399,-0.373051,-0.259608,-0.13277,-0.045587
12485920958,-0.585465,-0.303378,-0.539265,-0.37222,-0.382603,-0.346352,-0.283721,-0.121205,-0.0426958
12485970858,-0.243087,-0.361192,-0.507507,-0.393322,-0.38581,-0.358797,-0.247186,-0.153629,-0.0485962
12486020759,-0.567815,-0.470324,-0.508866,-0.368879,-0.42443,-0.353296,-0.259916,-0.136999,-0.048719
12486070659,-0.286635,-0.469144,-0.45045,-0.291085,-0.413589,-0.313598,-0.254251,-0.127489,-0.0529408
12486120559,-0.252,-0.352389,-0.32508,-0.447331,-0.43738,-0.329105,-0.26979,-0.120607,-0.0689622
12486170459,-0.434744,-0.506806,-0.331822,-0.411289,-0.375573,-0.355243,-0.251597,-0.111612,-0.0632309
12486220359,-0.284704,-0.41813,-0.51272,-0.3799,-0.390061,-0.309367,-0.304073,-0.147574,-0.0592243
12486270260,-0.555771,-0.501798,-0.461085,-0.438653,-0.372818,-0.3735,-0.233523,-0.137819,-0.0527226
12486320160,-0.436009,-0.391717,-0.404325,-0.344043,-0.398366,-0.362224,-0.277486,-0.139244,-0.0481881
12486370060,-0.27034,-0.467229,-0.425251,-0.369049,-0.347116,-0.353138,-0.241445,-0.148192,-0.076564
12486419960,-0.467012,-0.424241,-0.506665,-0.41101,-0.411338,-0.334576,-0.253756,-0.152589,-0.0707541
12486469860,-0.446037,-0.433397,-0.403283,-0.386185,-0.339743,-0.367209,-0.268945,-0.167301,-0.063248
12486519761,-0.452227,-0.472197,-0.411836,-0.329235,-0.434641,-0.347647,-0.275754,-0.157385,-0.0651056
12486569661,-0.375464,-0.412404,-0.453445,-0.394667,-0.384758,-0.346449,-0.2596,-0.15573,-0.0655817
12486619561,-0.424873,-0.431716,-0.398789,-0.342034,-0.388383,-0.319119,-0.277481,-0.158761,-0.076075
12486669461,-0.528412,-0.487002,-0.386649,-0.322441,-0.369395,-0.348443,-0.263279,-0.134305,-0.0781652
12486719361,-0.250926,-0.417948,-0.420966,-0.339575,-0.336313,-0.316856,-0.245729,-0.164721,-0.0864288
12486769262,-0.117621,-0.411039,-0.352623,-0.32588,-0.347312,-0.299566,-0.276541,-0.138764,-0.067493
12486819162,-0.403833,-0.33765,-0.215384,-0.36978,-0.330985,-0.280018,-0.23421,-0.166025,-0.0741996
12486869062,-0.610796,-0.348419,-0.419996,-0.334073,-0.348206,-0.303216,-0.258863,-0.161958,-0.0776976
12486918962,-0.335504,-0.3816,-0.326562,-0.340813,-0.32156,-0.288922,-0.237358,-0.145326,-0.0726082
12486968862,-0.118541,-0.484982,-0.330181,-0.324558,-0.354726,-0.308371,-0.267143,-0.157244,-0.0701729
12487018763,-0.329532,-0.333558,-0.37165,-0.286578,-0.296391,-0.313965,-0.208385,-0.179214,-0.0801126
12487068663,-0.350177,-0.351996,-0.255401,-0.331937,-0.316573,-0.304853,-0.272921,-0.139899,-0.0841442
12487118563,-0.383249,-0.471113,-0.33551,-0.298075,-0.311809,-0.295964,-0.217072,-0.1243,-0.0762931
12487168463,-0.355048,-0.296612,-0.301366,-0.311644,-0.309749,-0.309962,-0.269661,-0.152173,-0.0641022
12487218363,-0.540196,-0.241779,-0.307915,-0.378479,-0.346186,-0.272125,-0.227563,-0.174603,-0.0779711
12487268264,-0.366338,-0.436111,-0.37176,-0.444179,-0.269477,-0.272338,-0.220437,-0.143745,-0.0823458
12487318164,-0.222604,-0.321641,-0.227991,-0.247711,-0.305927,-0.274906,-0.247102,-0.163997,-0.0786437
12487368064,-0.103584,-0.127583,-0.342068,-0.301771,-0.308101,-0.272137,-0.274649,-0.168853,-0.0840665
12487417964,-0.416145,-0.308598,-0.281762,-0.445496,-0.298203,-0.254088,-0.22951,-0.151896,-0.0817444
12487467864,-0.201883,-0.251646,-0.317857,-0.292074,-0.314601,-0.246807,-0.203723,-0.128607,-0.0797617
12487517765,-0.681422,-0.197597,-0.230274,-0.251843,-0.263462,-0.30564,-0.252678,-0.151246,-0.0902526
12487567665,-0.413527,-0.242043,-0.181169,-0.162206,-0.298153,-0.240915,-0.273883,-0.168729,-0.0702917
12487617565,-0.29038,-0.270866,-0.316084,-0.358277,-0.334772,-0.322013,-0.217629,-0.161562,-0.0859032
12487667465,-0.330583,-0.340174,-0.278974,-0.330247,-0.242936,-0.230602,-0.208392,-0.176191,-0.0854533
12487717365,-0.0924697,-0.329523,-0.341018,-0.292583,-0.341441,-0.285182,-0.246954,-0.140292,-0.0809293
12487767266,-0.180774,-0.282377,-0.280382,-0.23545,-0.280211,-0.193167,-0.225287,-0.157303,-0.0874054
12487817166,-0.448883,-0.225573,-0.297413,-0.19202,-0.316361,-0.226024,-0.221835,-0.174215,-0.0882859
12487867066,-0.268229,-0.318136,-0.283216,-0.320322,-0.294833,-0.218581,-0.247791,-0.14694,-0.087541
12487916966,-0.251476,-0.217961,-0.214027,-0.212682,-0.243871,-0.270728,-0.24287,-0.145073,-0.07666
12487966866,-0.330541,-0.37734,-0.270691,-0.247501,-0.305115,-0.231551,-0.225599,-0.176072,-0.0853791
12488016767,-0.241171,-0.313383,-0.231673,-0.281897,-0.250166,-0.254829,-0.279565,-0.160032,-0.0951466
12488066667,-0.426993,-0.19481,-0.274271,-0.202847,-0.265726,-0.238731,-0.212401,-0.164019,-0.0829838
12488116567,-0.290659,-0.295002,-0.200753,-0.247203,-0.289858,-0.220286,-0.230595,-0.149049,-0.0983882
12488166467,-0.380462,-0.248803,-0.231063,-0.27657,-0.280346,-0.213204,-0.207647,-0.144532,-0.0869697
12488216367,-0.461443,-0.285382,-0.192847,-0.170476,-0.198492,-0.266045,-0.218234,-0.16117,-0.0892421
12488266268,-0.239941,-0.246543,-0.169755,-0.313561,-0.249498,-0.207101,-0.17971,-0.152281,-0.090003
12488316168,-0.414079,-0.357363,-0.147402,-0.241636,-0.207325,-0.216082,-0.168074,-0.149964,-0.0859917
12488366068,-0.177901,-0.146335,-0.239655,-0.158097,-0.152551,-0.217919,-0.208087,-0.170168,-0.0916609
12488415968,-0.486552,-0.251949,-0.249703,-0.389779,-0.20933,-0.226997,-0.227672,-0.162108,-0.0841545
12488465868,-0.435745,-0.244059,-0.216307,-0.263854,-0.165937,-0.215149,-0.218268,-0.146446,-0.0892784
12488515769,-0.127569,-0.34003,-0.182548,-0.291679,-0.187323,-0.23634,-0.166831,-0.128536,-0.0909958
12488565669,-0.356956,-0.289265,-0.238934,-0.232673,-0.218007,-0.212477,-0.21985,-0.133154,-0.0910154
12488615569,-0.328169,-0.197423,-0.157091,-0.244378,-0.228088,-0.215775,-0.209905,-0.153702,-0.0967553
12488665469,-0.223776,-0.38727,-0.249942,-0.232626,-0.217792,-0.238916,-0.208648,-0.140786,-0.106647
12488715369,-0.126547,-0.23723,-0.196987,-0.123548,-0.201227,-0.199536,-0.176974,-0.151812,-0.0884462
12488765270,-0.0772319,-0.0490132,-0.317311,-0.200992,-0.217338,-0.180919,-0.150823,-0.13763,-0.0888634
12488815170,-0.258354,-0.248951,-0.242091,-0.232025,-0.250347,-0.202382,-0.201073,-0.163346,-0.0920418
12488865070,-0.343561,-0.372495,-0.336294,-0.150939,-0.172618,-0.204603,-0.188528,-0.151218,-0.0917162
12488914970,-0.374825,-0.202235,-0.139542,-0.159796,-0.218028,-0.204141,-0.228775,-0.126745,-0.0819883
12488964870,-0.260288,-0.0925775,-0.314808,-0.187976,-0.155437,-0.183088,-0.168112,-0.14229,-0.0893602
12489014771,-0.0917626,0.0224551,-0.15277,-0.237006,-0.20455,-0.187435,-0.17869,-0.154137,-0.0986554
12489064671,-0.250175,-0.287801,-0.145291,-0.27305,-0.186516,-0.201604,-0.18202,-0.133494,-0.102754
12489114571,-0.187422,-0.128649,-0.180329,-0.135613,-0.189395,-0.18462,-0.21126,-0.153956,-0.0909729
12489164471,-0.0539973,-0.261086,-0.168652,-0.191702,-0.173827,-0.148479,-0.157579,-0.147709,-0.0887241
12489214371,-0.298715,-0.197143,-0.0774299,-0.296067,-0.225768,-0.217684,-0.19117,-0.133185,-0.102551
12489264272,0.125718,-0.238915,-0.214557,-0.209608,-0.223156,-0.17887,-0.169185,-0.157976,-0.105129
12489314172,-0.325169,-0.0927104,-0.288297,-0.154632,-0.203008,-0.199117,-0.148975,-0.140353,-0.0965459
12489364072,-0.216128,0.069992,-0.146768,-0.221187,-0.171316,-0.151192,-0.201149,-0.144172,-0.0957455
12489413972,-0.356819,-0.213261,-0.164221,-0.207828,-0.195226,-0.220575,-0.157443,-0.130829,-0.0971976
12489463872,-0.212163,-0.245823,-0.174207,-0.119152,-0.149278,-0.148427,-0.146627,-0.117188,-0.0824933
12489513773,-0.428135,-0.243816,-0.12276,-0.131922,-0.15941,-0.155737,-0.191039,-0.112783,-0.0918649
12489563673,-0.259847,-0.208089,-0.267543,-0.0906503,-0.154951,-0.161896,-0.163682,-0.143967,-0.090368
12489613573,-0.318345,-0.440311,-0.248044,-0.258363,-0.221668,-0.181171,-0.169221,-0.176724,-0.0861401
12489663473,-0.222211,-0.279493,-0.124578,-0.15256,-0.162852,-0.189254,-0.136328,-0.118198,-0.0926401
12489713373,-0.281078,-0.19008,-0.30102,-0.150238,-0.159736,-0.193043,-0.162635,-0.11567,-0.102073
12489763274,-0.221577,-0.264482,-0.220261,-0.133325,-0.165538,-0.147536,-0.172091,-0.125652,-0.0963409
12489813174,-0.0611294,-0.238704,-0.151348,-0.131301,-0.17275,-0.198821,-0.140084,-0.127186,-0.0884459
12489863074,-0.398658,-0.136039,-0.197208,-0.218142,-0.131156,-0.155127,-0.134282,-0.145782,-0.100514
12489912974,0.00437593,-0.268527,-0.313421,-0.169486,-0.196158,-0.168788,-0.167558,-0.121752,-0.0936609
12489962874,-0.340069,-0.279818,-0.254733,-0.108653,-0.161942,-0.171993,-0.160937,-0.121862,-0.0969346
12490012775,-0.143474,-0.120786,-0.12868,-0.191083,-0.191527,-0.163509,-0.1338,-0.125963,-0.0915382
12490062675,-0.0461734,-0.23443,-0.17992,-0.296882,-0.130942,-0.186586,-0.172896,-0.145432,-0.0891717
12490112575,-0.25985,-0.168798,-0.188556,-0.169636,-0.160892,-0.164696,-0.151091,-0.110048,-0.0907165
12490162475,-0.0251399,-0.106881,-0.225349,-0.0969628,-0.195639,-0.167668,-0.126925,-0.12184,-0.0796864
12490212375,-0.0846424,-0.158066,-0.215297,-0.230252,-0.148215,-0.148633,-0.157437,-0.113118,-0.100121
12490262276,-0.00227789,-0.00276319,-0.221001,-0.203758,-0.184868,-0.154603,-0.145758,-0.145764,-0.0844988
12490312176,-0.359806,0.0288966,-0.205969,-0.147418,-0.167888,-0.147136,-0.148423,-0.126796,-0.093811
12490362076,-0.167642,-0.0711845,-0.15627,-0.157428,-0.119181,-0.170598,-0.166919,-0.111884,-0.0910685
12490411976,-0.24328,-0.088975,-0.181108,-0.0882661,-0.199403,-0.123088,-0.149833,-0.116346,-0.0870322
12490461876,-0.1417,-0.114038,-0.166306,-0.14818,-0.140673,-0.166502,-0.122906,-0.114997,-0.091927
12490511777,-0.285449,-0.296501,-0.207883,-0.0754626,-0.152182,-0.149942,-0.158241,-0.116748,-0.0971766
12490561677,-0.180403,-0.0520261,-0.134228,-0.25424,-0.162934,-0.145841,-0.122289,-0.127564,-0.0779971
12490611577,-0.246092,-0.209673,-0.2102,-0.163542,-0.0936743,-0.143677,-0.124988,-0.107147,-0.0868326
12490661477,-0.306632,-0.188172,-0.174469,-0.0732089,-0.144185,-0.144313,-0.142773,-0.10535,-0.0822923
12490711377,-0.125679,-0.0363263,-0.217312,-0.228998,-0.101408,-0.12432,-0.0820395,-0.121206,-0.0830373
12490761278,-0.209062,-0.197063,-0.23109,-0.118679,-0.152653,-0.165953,-0.130024,-0.107301,-0.0912814
12490811178,-0.229524,-0.213261,-0.092461,-0.177595,-0.20108,-0.130536,-0.152734,-0.116592,-0.0960356
12490861078,-0.110999,-0.107195,-0.19552,-0.148467,-0.166035,-0.125793,-0.13168,-0.100724,-0.0934543
12490910978,-0.451002,0.00357298,-0.0884782,-0.16263,-0.0803521,-0.137231,-0.121548,-0.104069,-0.0873037
12490960878,0.0526357,-0.201457,-0.123573,-0.05684,-0.218084,-0.158457,-0.101434,-0.090199,-0.0886798
12491010779,-0.0816625,-0.171634,-0.105691,-0.111623,-0.175753,-0.114547,-0.130425,-0.134982,-0.0800465
12491060679,-0.213831,-0.0116337,-0.140251,-0.106408,-0.117487,-0.191001,-0.150791,-0.0936648,-0.0812427
12491110579,-0.194889,-0.28697,-0.0908166,-0.151708,-0.114391,-0.148201,-0.131333,-0.126391,-0.103539
12491160479,-0.423198,-0.0451175,-0.0522695,-0.101536,-0.157962,-0.144513,-0.0980929,-0.109645,-0.0823234
12491210379,-0.0610241,-0.114687,-0.145993,-0.138277,-0.107226,-0.177907,-0.107381,-0.0947656,-0.0708857
12491260280,-0.137499,-0.163814,-0.0580157,-0.175547,-0.124543,-0.114193,-0.124425,-0.125227,-0.085692
12491310180,-0.098142,0.115836,-0.117937,-0.190487,-0.127952,-0.0925531,-0.145817,-0.0913066,-0.0974921
12491360080,-0.345314,-0.119239,-0.157806,-0.240341,-0.0785402,-0.146583,-0.144663,-0.112022,-0.0893782
12491409980,-0.324824,-0.198361,-0.0413961,-0.174022,-0.111144,-0.110096,-0.100866,-0.0892899,-0.0834854
12491459880,-0.460334,-0.234786,-0.115261,-0.108776,-0.121816,-0.100325,-0.0722577,-0.129628,-0.0803971
12491509781,-0.213095,-0.0924985,-0.127401,-0.150663,-0.132193,-0.0998848,-0.0812675,-0.0747281,-0.0893432
12491559681,-0.225167,-0.178251,-0.156484,-0.0895575,-0.0868497,-0.114117,-0.138558,-0.111587,-0.0822899
12491609581,-0.263647,-0.242163,-0.0597079,-0.170081,-0.13372,-0.144321,-0.131484,-0.113479,-0.0825954
12491659481,0.0357227,-0.202731,-0.145998,-0.131098,-0.168282,-0.120582,-0.142846,-0.0837075,-0.0772042
12491709381,-0.419947,-0.0307773,-0.0800501,-0.112499,-0.163114,-0.12323,-0.119595,-0.13033,-0.0854799
12491759282,0.0479263,-0.186133,-0.184468,-0.0744828,-0.138963,-0.144294,-0.124713,-0.131893,-0.0928457
12491809182,-0.204672,-0.123715,-0.0254615,-0.112249,-0.120314,-0.0918908,-0.0923041,-0.0913804,-0.0938176
12491859082,-0.266963,-0.138346,-0.170936,-0.189988,-0.114476,-0.11061,-0.155711,-0.0607741,-0.0877655
12491908982,-0.244911,-0.162948,-0.035436,-0.146801,-0.0925746,-0.0998005,-0.127699,-0.0985236,-0.0729478
12491958882,-0.150737,-0.0353605,-0.0687011,-0.0696509,-0.10481,-0.0758883,-0.0963913,-0.0995855,-0.0876961
12492008783,-0.153251,-0.148426,-0.12342,-0.0801972,-0.110911,-0.109034,-0.125195,-0.11746,-0.0917608
12492058683,-0.00828036,-0.0737447,-0.140113,-0.213251,-0.134746,-0.0557494,-0.149355,-0.0803106,-0.0791693
12492108583,-0.141459,-0.134924,-0.0756555,-0.0968,-0.187449,-0.0810108,-0.083555,-0.108083,-0.083386
12492158483,-0.179638,-0.145263,0.0182312,-0.113314,-0.101522,-0.111813,-0.0972332,-0.112817,-0.0930281
12492208383,-0.229289,-0.217012,0.0126552,-0.12092,-0.0561402,-0.128184,-0.115708,-0.132695,-0.0707654
12492258284,-0.0776806,-0.152361,-0.131356,-0.106508,-0.127859,-0.124833,-0.105999,-0.104039,-0.0846591
12492308184,-0.417663,-0.0969198,-0.157391,-0.0183346,-0.137622,-0.106933,-0.104386,-0.0820108,-0.076375
12492358084,-0.0671336,-0.211144,-0.175082,-0.0622868,-0.121563,-0.11699,-0.11143,-0.0735289,-0.0724699
12492407984,-0.0353548,-0.170033,-0.228457,-0.272192,-0.106565,-0.0867015,-0.124469,-0.0867384,-0.0832352
12492457884,-0.219391,-0.138088,-0.00848957,-0.0613782,-0.143295,-0.0948325,-0.0988309,-0.0922294,-0.0707093
12492507785,-0.258569,-0.183134,-0.0754541,-0.122208,-0.122686,-0.0809373,-0.07601,-0.0965725,-0.0769548
12492557685,-0.204924,-0.105094,-0.151984,-0.117421,-0.0963416,-0.123556,-0.0855497,-0.0930321,-0.0836822
12492607585,-0.183443,-0.214647,-0.127622,-0.110922,-0.0484023,-0.128274,-0.0923737,-0.101721,-0.0686985
12492657485,-0.264468,-0.0408248,-0.278294,-0.124642,-0.133677,-0.136958,-0.132944,-0.106102,-0.0763646
12492707385,-0.204711,0.012993,-0.0616144,-0.0921849,-0.138644,-0.0970877,-0.0872977,-0.0999281,-0.0762888
12492757286,-0.191404,0.0274499,-0.0673746,-0.129679,-0.111699,-0.101211,-0.0858203,-0.106752,-0.0628569
12492807186,-0.0647554,-0.0413151,-0.109172,-0.202388,-0.093968,-0.0571183,-0.0873051,-0.0912349,-0.0585699
12492857086,-0.29206,-0.184414,-0.135855,-0.149315,-0.155342,-0.0964067,-0.128377,-0.0909132,-0.0785859
12492906986,-0.0846543,-0.152793,-0.069374,-0.0285116,-0.118884,-0.0904741,-0.0946917,-0.0842726,-0.065446
12492956886,-0.165013,-0.00103267,-0.0807438,-0.154089,-0.16642,-0.144849,-0.142718,-0.08896,-0.0700069
12493006787,-0.221172,-0.051749,-0.208596,0.0018051,-0.108871,-0.095172,-0.111386,-0.100187,-0.0721757
12493056687,0.0823493,-0.172181,-0.0271473,-0.0950588,-0.16821,-0.13056,-0.0725291,-0.111731,-0.0644973
12493106587,-0.087429,-0.0166126,-0.147687,-0.0507298,-0.0880265,-0.130203,-0.119087,-0.0768793,-0.076358
12493156487,-0.0879718,-0.0323004,-0.0416493,-0.0514112,-0.0895419,-0.114454,-0.121093,-0.0659953,-0.0577987
12493206387,-0.0861895,-0.241307,-0.184863,-0.0897843,-0.123007,-0.0992732,-0.0902621,-0.0781188,-0.0850709
12493256288,-0.143821,-0.126074,-0.192555,-0.17633,-0.0952873,-0.0598148,-0.0736852,-0.0958393,-0.0904348
12493306188,0.0581304,-0.00778018,-0.102192,-0.116574,-0.123034,-0.076985,-0.0842233,-0.0946494,-0.0717866
12493356088,0.177878,-0.107325,0.00377672,-0.183093,-0.0883697,-0.11255,-0.0960674,-0.0608553,-0.0682459
12493405988,0.173348,-0.128393,-0.0204422,-0.0025379,-0.124336,-0.120696,-0.112671,-0.0847575,-0.0813516
12493455888,-0.389698,-0.0925393,-0.143216,-0.157868,-0.132869,-0.131207,-0.0792566,-0.0614741,-0.0736742
12493505789,-0.256586,-0.246369,-0.0443235,-0.0350814,-0.113283,-0.0557617,-0.0605866,-0.0974584,-0.0728045
12493555689,-0.200678,-0.100138,-0.0436716,-0.158541,-0.139581,-0.0540747,-0.0986611,-0.0828114,-0.0660185
12493605589,-0.208562,-0.0624999,-0.138932,-0.132432,-0.101657,-0.0799337,-0.0701226,-0.0672267,-0.0780125
12493655489,-0.0774538,0.0078443,-0.163433,-0.102243,-0.138819,-0.0750424,-0.100475,-0.0671844,-0.0668826
12493705389,0.0539359,-0.0804576,-0.0325759,-0.0795781,-0.0800486,-0.0256008,-0.0666705,-0.0927752,-0.065623
12493755290,-0.136349,-0.179904,-0.11538,-0.0598702,-0.0058151,-0.0630795,-0.0959415,-0.0889649,-0.068214
12493805190,0.0582823,-0.0692895,0.079632,-0.164075,-0.117357,-0.0707398,-0.0504587,-0.0573503,-0.0596719
12493855090,-0.145425,-0.0290969,-0.0601861,-0.0505869,-0.0598606,-0.0753382,-0.100573,-0.0651445,-0.0761319
12493904990,0.0394227,0.046263,-0.147745,-0.0300141,-0.0669156,-0.10983,-0.0754219,-0.0602519,-0.0719586
12493954890,-0.296341,-0.0507029,-0.0449141,-0.113201,-0.0661148,-0.100125,-0.064635,-0.0983858,-0.0785104
12494004791,0.00293994,-0.08679,-0.0586944,-0.0939757,-0.0294472,-0.0544797,-0.0969862,-0.0722081,-0.0719198
12494054691,-0.120195,-0.213927,-0.0198791,-0.129911,-0.0765074,-0.107162,-0.0742094,-0.0776647,-0.0613656
12494104591,-0.227981,-0.28469,-0.0263837,-0.0500982,-0.0774669,-0.0848659,-0.0838562,-0.0677156,-0.0773058
12494154491,-0.356675,-0.00833037,0.031728,-0.0756609,-0.0679218,-0.067536,-0.106574,-0.081126,-0.0497024
12494204391,-0.127179,-0.0982262,-0.0543604,-0.0788263,-0.0680564,-0.106428,-0.0954533,-0.0577069,-0.0769984
12494254292,-0.0458838,-0.175435,-0.106942,-0.0651498,-0.0979744,-0.0866606,-0.108593,-0.0875456,-0.0659751
12494304192,-0.109038,-0.0382262,-0.129156,-0.111084,-0.129274,-0.0854545,-0.0619111,-0.0624237,-0.0673144
12494354092,-0.0181685,-0.0989065,-0.125535,-0.102559,-0.0994587,-0.111408,-0.0597731,-0.065938,-0.058352
12494403992,-0.0468885,0.0514924,-0.124825,-0.0152512,-0.161689,-0.0662205,-0.0702248,-0.0696811,-0.0437198
12494453892,-0.251145,-0.0564081,-0.128627,-0.10266,-0.0636998,-0.103549,-0.122179,-0.0720246,-0.0678126
12494503793,-0.257114,-0.062789,-0.000447058,-0.00506935,-0.116956,-0.123844,-0.0927759,-0.0735266,-0.0752463
12494553693,-0.146257,-0.17259,-0.125142,-0.0752744,-0.116001,-0.0660129,-0.0946941,-0.0827462,-0.0629296
12494603593,-0.186389,-0.04792,-0.102278,-0.115579,-0.127011,-0.128514,-0.0938605,-0.0633631,-0.0611104
12494653493,0.0246473,-0.016545,-0.105384,-0.133284,-0.0620687,-0.0802901,-0.0837187,-0.0770229,-0.061953
12494703393,-0.196231,-0.174489,-0.114879,-0.110201,-0.0753562,-0.0928148,-0.0788611,-0.0769216,-0.0695444
12494753294,0.203861,0.0149587,-0.0766583,-0.0987364,-0.0947122,-0.0779624,-0.0546061,-0.0690197,-0.0809401
12494803194,-0.132633,-0.0144234,-0.0830022,-0.116121,-0.095258,-0.105953,-0.056082,-0.0802147,-0.0731743
12494853094,-0.0159514,-0.123566,-0.154525,-0.140396,-0.0526067,-0.0517464,-0.0660003,-0.0724428,-0.0561708
12494902994,-0.24692,-0.0538312,-0.022072,0.00797449,-0.0674861,-0.0480558,-0.0847806,-0.0767051,-0.0660974
12494952894,-0.120637,-0.0668508,-0.117304,-0.0571036,-0.09502,-0.0533221,-0.0840074,-0.0755846,-0.0442079
12495002795,-0.0433432,-0.0192381,-0.100968,0.00870171,-0.109404,-0.0408288,-0.0619147,-0.0539479,-0.0694085
12495052695,-0.318802,-0.0537404,-0.00146333,0.0177664,-0.0785763,-0.103472,-0.0366673,-0.0683247,-0.0631084
12495102595,0.108654,-0.0362991,-0.0360513,-0.133605,-0.0780482,-0.0593963,-0.0865647,-0.0609241,-0.0564681
12495152495,-0.0333991,-0.224979,-0.120616,-0.070526,-0.126504,-0.0721293,-0.113012,-0.0614635,-0.0593989
12495202395,-0.157274,-0.114195,-0.150842,-0.0737106,-0.0337023,-0.05956,-0.073323,-0.0630373,-0.0526092
12495252296,-0.261546,0.0914779,-0.00552038,-0.15401,-0.0574471,-0.0497725,-0.0610953,-0.067522,-0.0603535
12495302196,-0.144962,-0.159912,-0.0917249,-0.0989254,-0.0892408,-0.105183,-0.0825439,-0.0676504,-0.0653503
12495352096,-0.113428,-0.225165,-0.202824,-0.054688,-0.0776268,-0.0916943,-0.0787041,-0.0793144,-0.0536185
12495401996,-0.149982,0.00722877,-0.158325,-0.138863,-0.0934788,-0.0698174,-0.0418407,-0.0707289,-0.0539233
12495451896,-0.0257923,-0.10458,-0.0890023,0.0234034,-0.0874422,-0.0693977,-0.0985431,-0.0658617,-0.059244
12495501797,-0.0606707,-0.130212,-0.120562,-0.0719931,-0.108984,-0.0803982,-0.0726131,-0.0763468,-0.0607345
12495551697,0.0733964,0.0399353,-0.0915547,-0.0461445,-0.0304975,-0.0678656,-0.0685145,-0.0578763,-0.0580266
12495601597,-0.013994,0.0514365,-0.00742659,-0.0278943,-0.05408,-0.0408799,-0.0802504,-0.0576851,-0.0576006
12495651497,-0.37199,-0.0511374,-0.0872129,-0.129062,-0.0511956,-0.0585494,-0.0661502,-0.0535505,-0.0569492
12495701397,0.0193257,-0.114735,0.0865507,-0.193488,-0.0567926,-0.0579859,-0.0323152,-0.0560249,-0.0581976
12495751298,-0.144142,-0.0351432,-0.122258,-0.0727813,-0.0593228,-0.0986305,-0.0536454,-0.0682069,-0.0453223
12495801198,0.131591,-0.142113,-0.0843315,-0.0828354,-0.136565,-0.0501322,-0.0920165,-0.0497623,-0.0498704
12495851098,-0.15284,0.0145316,-0.167297,-0.0493867,-0.0834593,-0.0760704,-0.0987379,-0.0719006,-0.070174
12495900998,0.0121836,-0.0605803,0.0212764,-0.114257,-0.0198938,-0.0138385,-0.0721586,-0.0572173,-0.0622293
12495950898,-0.0220767,-0.131291,-0.0229676,-0.0816603,-0.0800941,-0.0696989,-0.128626,-0.0358374,-0.0493947
12496000799,0.0849246,-0.0418291,0.0196344,-0.0768632,-0.0341984,-0.0610289,-0.0505027,-0.0671778,-0.0642478
12496050699,-0.19354,-0.0370827,-0.0710721,-0.121141,-0.0864023,-0.0775907,-0.0502276,-0.0527616,-0.0630485
12496100599,-0.285361,-0.142725,-0.00546989,-0.0703957,-0.0580153,-0.0819799,-0.0669968,-0.0554674,-0.0467691
12496150499,-0.0497135,-0.0315228,-0.0290213,-0.0292287,-0.109004,-0.0402305,-0.108324,-0.0378726,-0.054777
12496200399,-0.124618,-0.0418383,-0.104966,-0.155163,-0.0540031,-0.0179703,-0.0922267,-0.0861499,-0.0450619
12496250300,-0.0127189,-0.0247451,-0.127646,-0.0897876,-0.0251572,-0.0853043,-0.0568235,-0.0648429,-0.0435608
12496300200,-0.258825,-0.186321,-0.265498,-0.133552,-0.117162,-0.0542043,-0.108565,-0.0597636,-0.0525077
